County1,County2,Distance
Adams,Berks,125
Adams,Cambria,144
Adams,Sullivan,184
Adams,Mercer,302
Adams,Erie,334
Adams,Lebanon,85
Adams,Fayette,207
Adams,Potter,215
Adams,Chester,125
Adams,Cumberland,33
Adams,Montour,136
Adams,Susquehanna,247
Adams,Greene,257
Adams,Warren,276
Adams,Allegheny,244
Adams,Blair,117
Adams,Venango,274
Adams,Fulton,76
Adams,Lehigh,160
Adams,Dauphin,71
Adams,Juniata,75
Adams,Wyoming,209
Adams,Butler,256
Adams,Schuylkill,125
Adams,Centre,127
Adams,McKean,243
Adams,Armstrong,218
Adams,Jefferson,205
Adams,Lackawanna,220
Adams,Montgomery,162
Adams,Westmoreland,197
Adams,Clinton,155
Adams,Delaware,155
Adams,Monroe,207
Adams,Union,122
Adams,Franklin,43
Adams,Carbon,173
Adams,Snyder,100
Adams,Perry,59
Adams,Bradford,221
Adams,Luzerne,178
Adams,York,42
Adams,Beaver,280
Adams,Lancaster,85
Adams,Northumberland,117
Adams,Wayne,255
Adams,Columbia,147
Adams,Philadelphia,178
Adams,Clearfield,164
Adams,Indiana,181
Adams,Cameron,192
Adams,Mifflin,88
Adams,Lycoming,164
Adams,Forest,249
Adams,Somerset,155
Adams,Elk,210
Adams,Bucks,187
Adams,Tioga,211
Adams,Lawrence,292
Adams,Huntingdon,88
Adams,Pike,246
Adams,Crawford,316
Adams,Bedford,109
Adams,Northampton,189
Adams,Clarion,237
Adams,Washington,260
Berks,Adams,125
Berks,Cambria,236
Berks,Sullivan,124
Berks,Mercer,377
Berks,Erie,386
Berks,Lebanon,45
Berks,Fayette,321
Berks,Potter,221
Berks,Chester,51
Berks,Cumberland,117
Berks,Montour,91
Berks,Susquehanna,155
Berks,Greene,371
Berks,Warren,321
Berks,Allegheny,344
Berks,Blair,205
Berks,Venango,340
Berks,Fulton,193
Berks,Lehigh,35
Berks,Dauphin,72
Berks,Juniata,125
Berks,Wyoming,122
Berks,Butler,341
Berks,Schuylkill,40
Berks,Centre,169
Berks,McKean,270
Berks,Armstrong,302
Berks,Jefferson,270
Berks,Lackawanna,116
Berks,Montgomery,52
Berks,Westmoreland,300
Berks,Clinton,170
Berks,Delaware,71
Berks,Monroe,86
Berks,Union,113
Berks,Franklin,162
Berks,Carbon,58
Berks,Snyder,104
Berks,Perry,112
Berks,Bradford,160
Berks,Luzerne,84
Berks,York,87
Berks,Beaver,375
Berks,Lancaster,49
Berks,Northumberland,81
Berks,Wayne,146
Berks,Columbia,80
Berks,Philadelphia,81
Berks,Clearfield,224
Berks,Indiana,269
Berks,Cameron,222
Berks,Mifflin,144
Berks,Lycoming,140
Berks,Forest,303
Berks,Somerset,268
Berks,Elk,254
Berks,Bucks,70
Berks,Tioga,187
Berks,Lawrence,377
Berks,Huntingdon,174
Berks,Pike,126
Berks,Crawford,378
Berks,Bedford,222
Berks,Northampton,64
Berks,Clarion,307
Berks,Washington,368
Cambria,Adams,144
Cambria,Berks,236
Cambria,Sullivan,213
Cambria,Mercer,158
Cambria,Erie,200
Cambria,Lebanon,192
Cambria,Fayette,101
Cambria,Potter,155
Cambria,Chester,258
Cambria,Cumberland,128
Cambria,Montour,183
Cambria,Susquehanna,285
Cambria,Greene,146
Cambria,Warren,154
Cambria,Allegheny,107
Cambria,Blair,31
Cambria,Venango,134
Cambria,Fulton,81
Cambria,Lehigh,264
Cambria,Dauphin,164
Cambria,Juniata,111
Cambria,Wyoming,254
Cambria,Butler,111
Cambria,Schuylkill,212
Cambria,Centre,89
Cambria,McKean,147
Cambria,Armstrong,73
Cambria,Jefferson,74
Cambria,Lackawanna,281
Cambria,Montgomery,285
Cambria,Westmoreland,66
Cambria,Clinton,122
Cambria,Delaware,289
Cambria,Monroe,292
Cambria,Union,149
Cambria,Franklin,105
Cambria,Carbon,258
Cambria,Snyder,142
Cambria,Perry,124
Cambria,Bradford,234
Cambria,Luzerne,242
Cambria,York,181
Cambria,Beaver,139
Cambria,Lancaster,215
Cambria,Northumberland,174
Cambria,Wayne,314
Cambria,Columbia,204
Cambria,Philadelphia,309
Cambria,Clearfield,60
Cambria,Indiana,36
Cambria,Cameron,113
Cambria,Mifflin,94
Cambria,Lycoming,168
Cambria,Forest,121
Cambria,Somerset,63
Cambria,Elk,104
Cambria,Bucks,306
Cambria,Tioga,187
Cambria,Lawrence,147
Cambria,Huntingdon,63
Cambria,Pike,324
Cambria,Crawford,176
Cambria,Bedford,57
Cambria,Northampton,289
Cambria,Clarion,98
Cambria,Washington,134
Sullivan,Adams,184
Sullivan,Berks,124
Sullivan,Cambria,213
Sullivan,Mercer,313
Sullivan,Erie,299
Sullivan,Lebanon,120
Sullivan,Fayette,314
Sullivan,Potter,119
Sullivan,Chester,175
Sullivan,Cumberland,155
Sullivan,Montour,48
Sullivan,Susquehanna,72
Sullivan,Greene,360
Sullivan,Warren,233
Sullivan,Allegheny,311
Sullivan,Blair,187
Sullivan,Venango,271
Sullivan,Fulton,216
Sullivan,Lehigh,120
Sullivan,Dauphin,116
Sullivan,Juniata,126
Sullivan,Wyoming,42
Sullivan,Butler,291
Sullivan,Schuylkill,85
Sullivan,Centre,124
Sullivan,McKean,176
Sullivan,Armstrong,258
Sullivan,Jefferson,211
Sullivan,Lackawanna,75
Sullivan,Montgomery,167
Sullivan,Westmoreland,279
Sullivan,Clinton,97
Sullivan,Delaware,194
Sullivan,Monroe,107
Sullivan,Union,70
Sullivan,Franklin,197
Sullivan,Carbon,89
Sullivan,Snyder,88
Sullivan,Perry,131
Sullivan,Bradford,38
Sullivan,Luzerne,53
Sullivan,York,170
Sullivan,Beaver,333
Sullivan,Lancaster,157
Sullivan,Northumberland,68
Sullivan,Wayne,103
Sullivan,Columbia,45
Sullivan,Philadelphia,197
Sullivan,Clearfield,171
Sullivan,Indiana,234
Sullivan,Cameron,141
Sullivan,Mifflin,131
Sullivan,Lycoming,47
Sullivan,Forest,227
Sullivan,Somerset,268
Sullivan,Elk,178
Sullivan,Bucks,170
Sullivan,Tioga,71
Sullivan,Lawrence,324
Sullivan,Huntingdon,168
Sullivan,Pike,124
Sullivan,Crawford,301
Sullivan,Bedford,231
Sullivan,Northampton,127
Sullivan,Clarion,245
Sullivan,Washington,344
Mercer,Adams,302
Mercer,Berks,377
Mercer,Cambria,158
Mercer,Sullivan,313
Mercer,Erie,78
Mercer,Lebanon,336
Mercer,Fayette,161
Mercer,Potter,203
Mercer,Chester,408
Mercer,Cumberland,282
Mercer,Montour,303
Mercer,Susquehanna,376
Mercer,Greene,160
Mercer,Warren,99
Mercer,Allegheny,95
Mercer,Blair,184
Mercer,Venango,43
Mercer,Fulton,237
Mercer,Lehigh,399
Mercer,Dauphin,309
Mercer,Juniata,255
Mercer,Wyoming,355
Mercer,Butler,52
Mercer,Schuylkill,345
Mercer,Centre,208
Mercer,McKean,151
Mercer,Armstrong,85
Mercer,Jefferson,107
Mercer,Lackawanna,389
Mercer,Montgomery,430
Mercer,Westmoreland,128
Mercer,Clinton,219
Mercer,Delaware,438
Mercer,Monroe,413
Mercer,Union,270
Mercer,Franklin,263
Mercer,Carbon,384
Mercer,Snyder,274
Mercer,Perry,271
Mercer,Bradford,316
Mercer,Luzerne,358
Mercer,York,336
Mercer,Beaver,69
Mercer,Lancaster,366
Mercer,Northumberland,302
Mercer,Wayne,415
Mercer,Columbia,324
Mercer,Philadelphia,456
Mercer,Clearfield,153
Mercer,Indiana,121
Mercer,Cameron,172
Mercer,Mifflin,235
Mercer,Lycoming,267
Mercer,Forest,88
Mercer,Somerset,180
Mercer,Elk,135
Mercer,Bucks,447
Mercer,Tioga,255
Mercer,Lawrence,34
Mercer,Huntingdon,215
Mercer,Pike,437
Mercer,Crawford,44
Mercer,Bedford,207
Mercer,Northampton,420
Mercer,Clarion,71
Mercer,Washington,123
Erie,Adams,334
Erie,Berks,386
Erie,Cambria,200
Erie,Sullivan,299
Erie,Mercer,78
Erie,Lebanon,350
Erie,Fayette,232
Erie,Potter,179
Erie,Chester,424
Erie,Cumberland,308
Erie,Montour,301
Erie,Susquehanna,352
Erie,Greene,238
Erie,Warren,66
Erie,Allegheny,169
Erie,Blair,219
Erie,Venango,69
Erie,Fulton,281
Erie,Lehigh,402
Erie,Dauphin,324
Erie,Juniata,273
Erie,Wyoming,338
Erie,Butler,120
Erie,Schuylkill,349
Erie,Centre,220
Erie,McKean,123
Erie,Armstrong,139
Erie,Jefferson,129
Erie,Lackawanna,373
Erie,Montgomery,439
Erie,Westmoreland,193
Erie,Clinton,217
Erie,Delaware,453
Erie,Monroe,405
Erie,Union,273
Erie,Franklin,301
Erie,Carbon,380
Erie,Snyder,282
Erie,Perry,292
Erie,Bradford,293
Erie,Luzerne,349
Erie,York,361
Erie,Beaver,147
Erie,Lancaster,385
Erie,Northumberland,305
Erie,Wayne,395
Erie,Columbia,320
Erie,Philadelphia,467
Erie,Clearfield,171
Erie,Indiana,168
Erie,Cameron,164
Erie,Mifflin,254
Erie,Lycoming,257
Erie,Forest,85
Erie,Somerset,240
Erie,Elk,131
Erie,Bucks,452
Erie,Tioga,232
Erie,Lawrence,113
Erie,Huntingdon,245
Erie,Pike,423
Erie,Crawford,34
Erie,Bedford,256
Erie,Northampton,418
Erie,Clarion,102
Erie,Washington,201
Lebanon,Adams,85
Lebanon,Berks,45
Lebanon,Cambria,192
Lebanon,Sullivan,120
Lebanon,Mercer,336
Lebanon,Erie,350
Lebanon,Fayette,276
Lebanon,Potter,194
Lebanon,Chester,74
Lebanon,Cumberland,72
Lebanon,Montour,75
Lebanon,Susquehanna,170
Lebanon,Greene,326
Lebanon,Warren,286
Lebanon,Allegheny,299
Lebanon,Blair,160
Lebanon,Venango,301
Lebanon,Fulton,149
Lebanon,Lehigh,77
Lebanon,Dauphin,27
Lebanon,Juniata,82
Lebanon,Wyoming,133
Lebanon,Butler,298
Lebanon,Schuylkill,42
Lebanon,Centre,130
Lebanon,McKean,238
Lebanon,Armstrong,259
Lebanon,Jefferson,230
Lebanon,Lackawanna,138
Lebanon,Montgomery,94
Lebanon,Westmoreland,255
Lebanon,Clinton,138
Lebanon,Delaware,102
Lebanon,Monroe,122
Lebanon,Union,83
Lebanon,Franklin,118
Lebanon,Carbon,88
Lebanon,Snyder,68
Lebanon,Perry,67
Lebanon,Bradford,158
Lebanon,Luzerne,98
Lebanon,York,54
Lebanon,Beaver,331
Lebanon,Lancaster,39
Lebanon,Northumberland,57
Lebanon,Wayne,172
Lebanon,Columbia,75
Lebanon,Philadelphia,119
Lebanon,Clearfield,184
Lebanon,Indiana,225
Lebanon,Cameron,189
Lebanon,Mifflin,101
Lebanon,Lycoming,119
Lebanon,Forest,266
Lebanon,Somerset,223
Lebanon,Elk,218
Lebanon,Bucks,114
Lebanon,Tioga,169
Lebanon,Lawrence,334
Lebanon,Huntingdon,129
Lebanon,Pike,161
Lebanon,Crawford,340
Lebanon,Bedford,177
Lebanon,Northampton,106
Lebanon,Clarion,266
Lebanon,Washington,322
Fayette,Adams,207
Fayette,Berks,321
Fayette,Cambria,101
Fayette,Sullivan,314
Fayette,Mercer,161
Fayette,Erie,232
Fayette,Lebanon,276
Fayette,Potter,250
Fayette,Chester,332
Fayette,Cumberland,205
Fayette,Montour,281
Fayette,Susquehanna,387
Fayette,Greene,49
Fayette,Warren,213
Fayette,Allegheny,67
Fayette,Blair,127
Fayette,Venango,165
Fayette,Fulton,131
Fayette,Lehigh,353
Fayette,Dauphin,250
Fayette,Juniata,202
Fayette,Wyoming,354
Fayette,Butler,112
Fayette,Schuylkill,304
Fayette,Centre,190
Fayette,McKean,228
Fayette,Armstrong,100
Fayette,Jefferson,145
Fayette,Lackawanna,380
Fayette,Montgomery,366
Fayette,Westmoreland,46
Fayette,Clinton,224
Fayette,Delaware,362
Fayette,Monroe,386
Fayette,Union,248
Fayette,Franklin,164
Fayette,Carbon,352
Fayette,Snyder,238
Fayette,Perry,210
Fayette,Bradford,336
Fayette,Luzerne,340
Fayette,York,250
Fayette,Beaver,103
Fayette,Lancaster,290
Fayette,Northumberland,270
Fayette,Wayne,414
Fayette,Columbia,302
Fayette,Philadelphia,385
Fayette,Clearfield,156
Fayette,Indiana,94
Fayette,Cameron,208
Fayette,Mifflin,189
Fayette,Lycoming,269
Fayette,Forest,180
Fayette,Somerset,53
Fayette,Elk,187
Fayette,Bucks,389
Fayette,Tioga,288
Fayette,Lawrence,132
Fayette,Huntingdon,152
Fayette,Pike,421
Fayette,Crawford,199
Fayette,Bedford,99
Fayette,Northampton,380
Fayette,Clarion,142
Fayette,Washington,59
Potter,Adams,215
Potter,Berks,221
Potter,Cambria,155
Potter,Sullivan,119
Potter,Mercer,203
Potter,Erie,179
Potter,Lebanon,194
Potter,Fayette,250
Potter,Chester,266
Potter,Cumberland,182
Potter,Montour,130
Potter,Susquehanna,174
Potter,Greene,287
Potter,Warren,114
Potter,Allegheny,225
Potter,Blair,144
Potter,Venango,160
Potter,Fulton,202
Potter,Lehigh,230
Potter,Dauphin,174
Potter,Juniata,140
Potter,Wyoming,158
Potter,Butler,192
Potter,Schuylkill,181
Potter,Centre,91
Potter,McKean,56
Potter,Armstrong,167
Potter,Jefferson,114
Potter,Lackawanna,193
Potter,Montgomery,272
Potter,Westmoreland,206
Potter,Clinton,60
Potter,Delaware,292
Potter,Monroe,226
Potter,Union,111
Potter,Franklin,202
Potter,Carbon,204
Potter,Snyder,128
Potter,Perry,158
Potter,Bradford,114
Potter,Luzerne,171
Potter,York,225
Potter,Beaver,236
Potter,Lancaster,234
Potter,Northumberland,140
Potter,Wayne,216
Potter,Columbia,146
Potter,Philadelphia,302
Potter,Clearfield,95
Potter,Indiana,157
Potter,Cameron,42
Potter,Mifflin,127
Potter,Lycoming,82
Potter,Forest,114
Potter,Somerset,218
Potter,Elk,71
Potter,Bucks,281
Potter,Tioga,53
Potter,Lawrence,220
Potter,Huntingdon,147
Potter,Pike,243
Potter,Crawford,184
Potter,Bedford,199
Potter,Northampton,243
Potter,Clarion,141
Potter,Washington,262
Chester,Adams,125
Chester,Berks,51
Chester,Cambria,258
Chester,Sullivan,175
Chester,Mercer,408
Chester,Erie,424
Chester,Lebanon,74
Chester,Fayette,332
Chester,Potter,266
Chester,Cumberland,130
Chester,Montour,140
Chester,Susquehanna,205
Chester,Greene,382
Chester,Warren,360
Chester,Allegheny,364
Chester,Blair,227
Chester,Venango,373
Chester,Fulton,201
Chester,Lehigh,72
Chester,Dauphin,100
Chester,Juniata,153
Chester,Wyoming,172
Chester,Butler,367
Chester,Schuylkill,90
Chester,Centre,204
Chester,McKean,312
Chester,Armstrong,329
Chester,Jefferson,303
Chester,Lackawanna,163
Chester,Montgomery,41
Chester,Westmoreland,318
Chester,Clinton,212
Chester,Delaware,30
Chester,Monroe,125
Chester,Union,156
Chester,Franklin,168
Chester,Carbon,104
Chester,Snyder,142
Chester,Perry,136
Chester,Bradford,211
Chester,Luzerne,135
Chester,York,83
Chester,Beaver,398
Chester,Lancaster,43
Chester,Northumberland,126
Chester,Wayne,189
Chester,Columbia,131
Chester,Philadelphia,52
Chester,Clearfield,257
Chester,Indiana,293
Chester,Cameron,263
Chester,Mifflin,173
Chester,Lycoming,188
Chester,Forest,340
Chester,Somerset,279
Chester,Elk,292
Chester,Bucks,67
Chester,Tioga,236
Chester,Lawrence,404
Chester,Huntingdon,195
Chester,Pike,162
Chester,Crawford,413
Chester,Bedford,233
Chester,Northampton,94
Chester,Clarion,338
Chester,Washington,384
Cumberland,Adams,33
Cumberland,Berks,117
Cumberland,Cambria,128
Cumberland,Sullivan,155
Cumberland,Mercer,282
Cumberland,Erie,308
Cumberland,Lebanon,72
Cumberland,Fayette,205
Cumberland,Potter,182
Cumberland,Chester,130
Cumberland,Montour,108
Cumberland,Susquehanna,221
Cumberland,Greene,255
Cumberland,Warren,249
Cumberland,Allegheny,233
Cumberland,Blair,98
Cumberland,Venango,251
Cumberland,Fulton,77
Cumberland,Lehigh,150
Cumberland,Dauphin,50
Cumberland,Juniata,42
Cumberland,Wyoming,183
Cumberland,Butler,239
Cumberland,Schuylkill,107
Cumberland,Centre,95
Cumberland,McKean,212
Cumberland,Armstrong,200
Cumberland,Jefferson,181
Cumberland,Lackawanna,198
Cumberland,Montgomery,161
Cumberland,Westmoreland,188
Cumberland,Clinton,122
Cumberland,Delaware,161
Cumberland,Monroe,190
Cumberland,Union,90
Cumberland,Franklin,47
Cumberland,Carbon,156
Cumberland,Snyder,69
Cumberland,Perry,26
Cumberland,Bradford,191
Cumberland,Luzerne,155
Cumberland,York,53
Cumberland,Beaver,267
Cumberland,Lancaster,87
Cumberland,Northumberland,89
Cumberland,Wayne,233
Cumberland,Columbia,121
Cumberland,Philadelphia,182
Cumberland,Clearfield,137
Cumberland,Indiana,163
Cumberland,Cameron,161
Cumberland,Mifflin,57
Cumberland,Lycoming,131
Cumberland,Forest,223
Cumberland,Somerset,151
Cumberland,Elk,182
Cumberland,Bucks,184
Cumberland,Tioga,178
Cumberland,Lawrence,275
Cumberland,Huntingdon,66
Cumberland,Pike,228
Cumberland,Crawford,292
Cumberland,Bedford,105
Cumberland,Northampton,178
Cumberland,Clarion,214
Cumberland,Washington,254
Montour,Adams,136
Montour,Berks,91
Montour,Cambria,183
Montour,Sullivan,48
Montour,Mercer,303
Montour,Erie,301
Montour,Lebanon,75
Montour,Fayette,281
Montour,Potter,130
Montour,Chester,140
Montour,Cumberland,108
Montour,Susquehanna,113
Montour,Greene,329
Montour,Warren,235
Montour,Allegheny,287
Montour,Blair,154
Montour,Venango,263
Montour,Fulton,173
Montour,Lehigh,100
Montour,Dauphin,68
Montour,Juniata,83
Montour,Wyoming,76
Montour,Butler,274
Montour,Schuylkill,51
Montour,Centre,98
Montour,McKean,181
Montour,Armstrong,237
Montour,Jefferson,196
Montour,Lackawanna,99
Montour,Montgomery,142
Montour,Westmoreland,250
Montour,Clinton,85
Montour,Delaware,163
Montour,Monroe,111
Montour,Union,34
Montour,Franklin,151
Montour,Carbon,81
Montour,Snyder,44
Montour,Perry,85
Montour,Bradford,85
Montour,Luzerne,58
Montour,York,122
Montour,Beaver,313
Montour,Lancaster,114
Montour,Northumberland,20
Montour,Wayne,133
Montour,Columbia,21
Montour,Philadelphia,172
Montour,Clearfield,152
Montour,Indiana,209
Montour,Cameron,137
Montour,Mifflin,92
Montour,Lycoming,48
Montour,Forest,222
Montour,Somerset,232
Montour,Elk,172
Montour,Bucks,152
Montour,Tioga,96
Montour,Lawrence,308
Montour,Huntingdon,130
Montour,Pike,141
Montour,Crawford,297
Montour,Bedford,191
Montour,Northampton,117
Montour,Clarion,232
Montour,Washington,317
Susquehanna,Adams,247
Susquehanna,Berks,155
Susquehanna,Cambria,285
Susquehanna,Sullivan,72
Susquehanna,Mercer,376
Susquehanna,Erie,352
Susquehanna,Lebanon,170
Susquehanna,Fayette,387
Susquehanna,Potter,174
Susquehanna,Chester,205
Susquehanna,Cumberland,221
Susquehanna,Montour,113
Susquehanna,Greene,432
Susquehanna,Warren,288
Susquehanna,Allegheny,381
Susquehanna,Blair,260
Susquehanna,Venango,333
Susquehanna,Fulton,286
Susquehanna,Lehigh,134
Susquehanna,Dauphin,175
Susquehanna,Juniata,196
Susquehanna,Wyoming,38
Susquehanna,Butler,358
Susquehanna,Schuylkill,128
Susquehanna,Centre,196
Susquehanna,McKean,230
Susquehanna,Armstrong,326
Susquehanna,Jefferson,277
Susquehanna,Lackawanna,45
Susquehanna,Montgomery,182
Susquehanna,Westmoreland,350
Susquehanna,Clinton,166
Susquehanna,Delaware,214
Susquehanna,Monroe,92
Susquehanna,Union,142
Susquehanna,Franklin,265
Susquehanna,Carbon,100
Susquehanna,Snyder,157
Susquehanna,Perry,199
Susquehanna,Bradford,59
Susquehanna,Luzerne,73
Susquehanna,York,224
Susquehanna,Beaver,401
Susquehanna,Lancaster,200
Susquehanna,Northumberland,131
Susquehanna,Wayne,45
Susquehanna,Columbia,99
Susquehanna,Philadelphia,209
Susquehanna,Clearfield,241
Susquehanna,Indiana,304
Susquehanna,Cameron,204
Susquehanna,Mifflin,203
Susquehanna,Lycoming,118
Susquehanna,Forest,288
Susquehanna,Somerset,340
Susquehanna,Elk,241
Susquehanna,Bucks,174
Susquehanna,Tioga,121
Susquehanna,Lawrence,390
Susquehanna,Huntingdon,240
Susquehanna,Pike,84
Susquehanna,Crawford,358
Susquehanna,Bedford,303
Susquehanna,Northampton,125
Susquehanna,Clarion,310
Susquehanna,Washington,415
Greene,Adams,257
Greene,Berks,371
Greene,Cambria,146
Greene,Sullivan,360
Greene,Mercer,160
Greene,Erie,238
Greene,Lebanon,326
Greene,Fayette,49
Greene,Potter,287
Greene,Chester,382
Greene,Cumberland,255
Greene,Montour,329
Greene,Susquehanna,432
Greene,Warren,232
Greene,Allegheny,71
Greene,Blair,174
Greene,Venango,176
Greene,Fulton,181
Greene,Lehigh,402
Greene,Dauphin,300
Greene,Juniata,251
Greene,Wyoming,401
Greene,Butler,120
Greene,Schuylkill,353
Greene,Centre,235
Greene,McKean,258
Greene,Armstrong,124
Greene,Jefferson,175
Greene,Lackawanna,428
Greene,Montgomery,416
Greene,Westmoreland,82
Greene,Clinton,267
Greene,Delaware,412
Greene,Monroe,435
Greene,Union,295
Greene,Franklin,214
Greene,Carbon,401
Greene,Snyder,286
Greene,Perry,260
Greene,Bradford,379
Greene,Luzerne,387
Greene,York,299
Greene,Beaver,92
Greene,Lancaster,340
Greene,Northumberland,318
Greene,Wayne,461
Greene,Columbia,350
Greene,Philadelphia,435
Greene,Clearfield,195
Greene,Indiana,131
Greene,Cameron,245
Greene,Mifflin,237
Greene,Lycoming,314
Greene,Forest,202
Greene,Somerset,103
Greene,Elk,219
Greene,Bucks,439
Greene,Tioga,328
Greene,Lawrence,126
Greene,Huntingdon,201
Greene,Pike,469
Greene,Crawford,203
Greene,Bedford,149
Greene,Northampton,429
Greene,Clarion,163
Greene,Washington,37
Warren,Adams,276
Warren,Berks,321
Warren,Cambria,154
Warren,Sullivan,233
Warren,Mercer,99
Warren,Erie,66
Warren,Lebanon,286
Warren,Fayette,213
Warren,Potter,114
Warren,Chester,360
Warren,Cumberland,249
Warren,Montour,235
Warren,Susquehanna,288
Warren,Greene,232
Warren,Allegheny,161
Warren,Blair,167
Warren,Venango,61
Warren,Fulton,231
Warren,Lehigh,336
Warren,Dauphin,260
Warren,Juniata,212
Warren,Wyoming,273
Warren,Butler,113
Warren,Schuylkill,284
Warren,Centre,157
Warren,McKean,58
Warren,Armstrong,112
Warren,Jefferson,79
Warren,Lackawanna,308
Warren,Montgomery,373
Warren,Westmoreland,168
Warren,Clinton,151
Warren,Delaware,388
Warren,Monroe,339
Warren,Union,207
Warren,Franklin,247
Warren,Carbon,314
Warren,Snyder,218
Warren,Perry,231
Warren,Bradford,229
Warren,Luzerne,283
Warren,York,300
Warren,Beaver,154
Warren,Lancaster,321
Warren,Northumberland,240
Warren,Wayne,331
Warren,Columbia,254
Warren,Philadelphia,402
Warren,Clearfield,112
Warren,Indiana,130
Warren,Cameron,98
Warren,Mifflin,192
Warren,Lycoming,191
Warren,Forest,33
Warren,Somerset,205
Warren,Elk,67
Warren,Bucks,386
Warren,Tioga,168
Warren,Lawrence,127
Warren,Huntingdon,189
Warren,Pike,358
Warren,Crawford,70
Warren,Bedford,211
Warren,Northampton,352
Warren,Clarion,70
Warren,Washington,198
Allegheny,Adams,244
Allegheny,Berks,344
Allegheny,Cambria,107
Allegheny,Sullivan,311
Allegheny,Mercer,95
Allegheny,Erie,169
Allegheny,Lebanon,299
Allegheny,Fayette,67
Allegheny,Potter,225
Allegheny,Chester,364
Allegheny,Cumberland,233
Allegheny,Montour,287
Allegheny,Susquehanna,381
Allegheny,Greene,71
Allegheny,Warren,161
Allegheny,Blair,138
Allegheny,Venango,105
Allegheny,Fulton,170
Allegheny,Lehigh,371
Allegheny,Dauphin,272
Allegheny,Juniata,218
Allegheny,Wyoming,353
Allegheny,Butler,49
Allegheny,Schuylkill,319
Allegheny,Centre,189
Allegheny,McKean,190
Allegheny,Armstrong,58
Allegheny,Jefferson,111
Allegheny,Lackawanna,383
Allegheny,Montgomery,393
Allegheny,Westmoreland,47
Allegheny,Clinton,215
Allegheny,Delaware,394
Allegheny,Monroe,397
Allegheny,Union,252
Allegheny,Franklin,201
Allegheny,Carbon,364
Allegheny,Snyder,248
Allegheny,Perry,231
Allegheny,Bradford,326
Allegheny,Luzerne,346
Allegheny,York,284
Allegheny,Beaver,39
Allegheny,Lancaster,321
Allegheny,Northumberland,280
Allegheny,Wayne,414
Allegheny,Columbia,308
Allegheny,Philadelphia,415
Allegheny,Clearfield,140
Allegheny,Indiana,78
Allegheny,Cameron,184
Allegheny,Mifflin,201
Allegheny,Lycoming,264
Allegheny,Forest,132
Allegheny,Somerset,98
Allegheny,Elk,155
Allegheny,Bucks,413
Allegheny,Tioga,271
Allegheny,Lawrence,65
Allegheny,Huntingdon,170
Allegheny,Pike,428
Allegheny,Crawford,135
Allegheny,Bedford,137
Allegheny,Northampton,396
Allegheny,Clarion,93
Allegheny,Washington,38
Blair,Adams,117
Blair,Berks,205
Blair,Cambria,31
Blair,Sullivan,187
Blair,Mercer,184
Blair,Erie,219
Blair,Lebanon,160
Blair,Fayette,127
Blair,Potter,144
Blair,Chester,227
Blair,Cumberland,98
Blair,Montour,154
Blair,Susquehanna,260
Blair,Greene,174
Blair,Warren,167
Blair,Allegheny,138
Blair,Venango,156
Blair,Fulton,65
Blair,Lehigh,233
Blair,Dauphin,133
Blair,Juniata,80
Blair,Wyoming,227
Blair,Butler,140
Blair,Schuylkill,181
Blair,Centre,65
Blair,McKean,148
Blair,Armstrong,101
Blair,Jefferson,90
Blair,Lackawanna,253
Blair,Montgomery,254
Blair,Westmoreland,97
Blair,Clinton,102
Blair,Delaware,258
Blair,Monroe,261
Blair,Union,120
Blair,Franklin,81
Blair,Carbon,228
Blair,Snyder,112
Blair,Perry,92
Blair,Bradford,211
Blair,Luzerne,213
Blair,York,151
Blair,Beaver,170
Blair,Lancaster,184
Blair,Northumberland,144
Blair,Wayne,286
Blair,Columbia,175
Blair,Philadelphia,278
Blair,Clearfield,58
Blair,Indiana,65
Blair,Cameron,106
Blair,Mifflin,63
Blair,Lycoming,143
Blair,Forest,136
Blair,Somerset,81
Blair,Elk,107
Blair,Bucks,275
Blair,Tioga,169
Blair,Lawrence,177
Blair,Huntingdon,32
Blair,Pike,294
Blair,Crawford,199
Blair,Bedford,54
Blair,Northampton,258
Blair,Clarion,119
Blair,Washington,164
Venango,Adams,274
Venango,Berks,340
Venango,Cambria,134
Venango,Sullivan,271
Venango,Mercer,43
Venango,Erie,69
Venango,Lebanon,301
Venango,Fayette,165
Venango,Potter,160
Venango,Chester,373
Venango,Cumberland,251
Venango,Montour,263
Venango,Susquehanna,333
Venango,Greene,176
Venango,Warren,61
Venango,Allegheny,105
Venango,Blair,156
Venango,Fulton,215
Venango,Lehigh,360
Venango,Dauphin,274
Venango,Juniata,220
Venango,Wyoming,313
Venango,Butler,56
Venango,Schuylkill,307
Venango,Centre,171
Venango,McKean,109
Venango,Armstrong,69
Venango,Jefferson,70
Venango,Lackawanna,346
Venango,Montgomery,393
Venango,Westmoreland,123
Venango,Clinton,178
Venango,Delaware,403
Venango,Monroe,372
Venango,Union,231
Venango,Franklin,237
Venango,Carbon,344
Venango,Snyder,236
Venango,Perry,238
Venango,Bradford,273
Venango,Luzerne,316
Venango,York,304
Venango,Beaver,94
Venango,Lancaster,332
Venango,Northumberland,263
Venango,Wayne,373
Venango,Columbia,283
Venango,Philadelphia,420
Venango,Clearfield,116
Venango,Indiana,100
Venango,Cameron,129
Venango,Mifflin,200
Venango,Lycoming,225
Venango,Forest,45
Venango,Somerset,170
Venango,Elk,93
Venango,Bucks,409
Venango,Tioga,212
Venango,Lawrence,66
Venango,Huntingdon,185
Venango,Pike,395
Venango,Crawford,42
Venango,Bedford,188
Venango,Northampton,380
Venango,Clarion,36
Venango,Washington,140
Fulton,Adams,76
Fulton,Berks,193
Fulton,Cambria,81
Fulton,Sullivan,216
Fulton,Mercer,237
Fulton,Erie,281
Fulton,Lebanon,149
Fulton,Fayette,131
Fulton,Potter,202
Fulton,Chester,201
Fulton,Cumberland,77
Fulton,Montour,173
Fulton,Susquehanna,286
Fulton,Greene,181
Fulton,Warren,231
Fulton,Allegheny,170
Fulton,Blair,65
Fulton,Venango,215
Fulton,Lehigh,227
Fulton,Dauphin,126
Fulton,Juniata,90
Fulton,Wyoming,250
Fulton,Butler,188
Fulton,Schuylkill,182
Fulton,Centre,113
Fulton,McKean,212
Fulton,Armstrong,151
Fulton,Jefferson,153
Fulton,Lackawanna,270
Fulton,Montgomery,236
Fulton,Westmoreland,123
Fulton,Clinton,150
Fulton,Delaware,231
Fulton,Monroe,266
Fulton,Union,145
Fulton,Franklin,33
Fulton,Carbon,231
Fulton,Snyder,129
Fulton,Perry,90
Fulton,Bradford,247
Fulton,Luzerne,227
Fulton,York,118
Fulton,Beaver,207
Fulton,Lancaster,159
Fulton,Northumberland,157
Fulton,Wayne,304
Fulton,Columbia,190
Fulton,Philadelphia,254
Fulton,Clearfield,123
Fulton,Indiana,116
Fulton,Cameron,168
Fulton,Mifflin,87
Fulton,Lycoming,180
Fulton,Forest,200
Fulton,Somerset,78
Fulton,Elk,172
Fulton,Bucks,259
Fulton,Tioga,217
Fulton,Lawrence,222
Fulton,Huntingdon,55
Fulton,Pike,304
Fulton,Crawford,258
Fulton,Bedford,33
Fulton,Northampton,255
Fulton,Clarion,179
Fulton,Washington,184
Lehigh,Adams,160
Lehigh,Berks,35
Lehigh,Cambria,264
Lehigh,Sullivan,120
Lehigh,Mercer,399
Lehigh,Erie,402
Lehigh,Lebanon,77
Lehigh,Fayette,353
Lehigh,Potter,230
Lehigh,Chester,72
Lehigh,Cumberland,150
Lehigh,Montour,100
Lehigh,Susquehanna,134
Lehigh,Greene,402
Lehigh,Warren,336
Lehigh,Allegheny,371
Lehigh,Blair,233
Lehigh,Venango,360
Lehigh,Fulton,227
Lehigh,Dauphin,102
Lehigh,Juniata,153
Lehigh,Wyoming,106
Lehigh,Butler,365
Lehigh,Schuylkill,53
Lehigh,Centre,190
Lehigh,McKean,282
Lehigh,Armstrong,327
Lehigh,Jefferson,292
Lehigh,Lackawanna,91
Lehigh,Montgomery,48
Lehigh,Westmoreland,329
Lehigh,Clinton,185
Lehigh,Delaware,79
Lehigh,Monroe,54
Lehigh,Union,129
Lehigh,Franklin,196
Lehigh,Carbon,35
Lehigh,Snyder,125
Lehigh,Perry,142
Lehigh,Bradford,151
Lehigh,Luzerne,70
Lehigh,York,122
Lehigh,Beaver,401
Lehigh,Lancaster,83
Lehigh,Northumberland,97
Lehigh,Wayne,117
Lehigh,Columbia,83
Lehigh,Philadelphia,78
Lehigh,Clearfield,246
Lehigh,Indiana,295
Lehigh,Cameron,237
Lehigh,Mifflin,170
Lehigh,Lycoming,147
Lehigh,Forest,321
Lehigh,Somerset,300
Lehigh,Elk,271
Lehigh,Bucks,51
Lehigh,Tioga,189
Lehigh,Lawrence,401
Lehigh,Huntingdon,203
Lehigh,Pike,92
Lehigh,Crawford,396
Lehigh,Bedford,254
Lehigh,Northampton,28
Lehigh,Clarion,328
Lehigh,Washington,397
Dauphin,Adams,71
Dauphin,Berks,72
Dauphin,Cambria,164
Dauphin,Sullivan,116
Dauphin,Mercer,309
Dauphin,Erie,324
Dauphin,Lebanon,27
Dauphin,Fayette,250
Dauphin,Potter,174
Dauphin,Chester,100
Dauphin,Cumberland,50
Dauphin,Montour,68
Dauphin,Susquehanna,175
Dauphin,Greene,300
Dauphin,Warren,260
Dauphin,Allegheny,272
Dauphin,Blair,133
Dauphin,Venango,274
Dauphin,Fulton,126
Dauphin,Lehigh,102
Dauphin,Juniata,54
Dauphin,Wyoming,137
Dauphin,Butler,270
Dauphin,Schuylkill,56
Dauphin,Centre,104
Dauphin,McKean,215
Dauphin,Armstrong,232
Dauphin,Jefferson,203
Dauphin,Lackawanna,149
Dauphin,Montgomery,121
Dauphin,Westmoreland,228
Dauphin,Clinton,115
Dauphin,Delaware,129
Dauphin,Monroe,140
Dauphin,Union,65
Dauphin,Franklin,97
Dauphin,Carbon,106
Dauphin,Snyder,46
Dauphin,Perry,40
Dauphin,Bradford,153
Dauphin,Luzerne,107
Dauphin,York,55
Dauphin,Beaver,303
Dauphin,Lancaster,61
Dauphin,Northumberland,48
Dauphin,Wayne,184
Dauphin,Columbia,76
Dauphin,Philadelphia,146
Dauphin,Clearfield,157
Dauphin,Indiana,197
Dauphin,Cameron,165
Dauphin,Mifflin,74
Dauphin,Lycoming,105
Dauphin,Forest,239
Dauphin,Somerset,198
Dauphin,Elk,193
Dauphin,Bucks,141
Dauphin,Tioga,155
Dauphin,Lawrence,307
Dauphin,Huntingdon,102
Dauphin,Pike,178
Dauphin,Crawford,313
Dauphin,Bedford,152
Dauphin,Northampton,129
Dauphin,Clarion,239
Dauphin,Washington,296
Juniata,Adams,75
Juniata,Berks,125
Juniata,Cambria,111
Juniata,Sullivan,126
Juniata,Mercer,255
Juniata,Erie,273
Juniata,Lebanon,82
Juniata,Fayette,202
Juniata,Potter,140
Juniata,Chester,153
Juniata,Cumberland,42
Juniata,Montour,83
Juniata,Susquehanna,196
Juniata,Greene,251
Juniata,Warren,212
Juniata,Allegheny,218
Juniata,Blair,80
Juniata,Venango,220
Juniata,Fulton,90
Juniata,Lehigh,153
Juniata,Dauphin,54
Juniata,Wyoming,159
Juniata,Butler,216
Juniata,Schuylkill,101
Juniata,Centre,55
Juniata,McKean,172
Juniata,Armstrong,177
Juniata,Jefferson,150
Juniata,Lackawanna,181
Juniata,Montgomery,176
Juniata,Westmoreland,177
Juniata,Clinton,80
Juniata,Delaware,183
Juniata,Monroe,183
Juniata,Union,55
Juniata,Franklin,72
Juniata,Carbon,149
Juniata,Snyder,38
Juniata,Perry,19
Juniata,Bradford,158
Juniata,Luzerne,139
Juniata,York,89
Juniata,Beaver,249
Juniata,Lancaster,112
Juniata,Northumberland,68
Juniata,Wayne,215
Juniata,Columbia,101
Juniata,Philadelphia,201
Juniata,Clearfield,104
Juniata,Indiana,143
Juniata,Cameron,121
Juniata,Mifflin,20
Juniata,Lycoming,94
Juniata,Forest,188
Juniata,Somerset,151
Juniata,Elk,144
Juniata,Bucks,195
Juniata,Tioga,138
Juniata,Lawrence,252
Juniata,Huntingdon,50
Juniata,Pike,218
Juniata,Crawford,260
Juniata,Bedford,109
Juniata,Northampton,178
Juniata,Clarion,185
Juniata,Washington,244
Wyoming,Adams,209
Wyoming,Berks,122
Wyoming,Cambria,254
Wyoming,Sullivan,42
Wyoming,Mercer,355
Wyoming,Erie,338
Wyoming,Lebanon,133
Wyoming,Fayette,354
Wyoming,Potter,158
Wyoming,Chester,172
Wyoming,Cumberland,183
Wyoming,Montour,76
Wyoming,Susquehanna,38
Wyoming,Greene,401
Wyoming,Warren,273
Wyoming,Allegheny,353
Wyoming,Blair,227
Wyoming,Venango,313
Wyoming,Fulton,250
Wyoming,Lehigh,106
Wyoming,Dauphin,137
Wyoming,Juniata,159
Wyoming,Butler,333
Wyoming,Schuylkill,91
Wyoming,Centre,165
Wyoming,McKean,215
Wyoming,Armstrong,300
Wyoming,Jefferson,253
Wyoming,Lackawanna,35
Wyoming,Montgomery,155
Wyoming,Westmoreland,320
Wyoming,Clinton,139
Wyoming,Delaware,185
Wyoming,Monroe,76
Wyoming,Union,107
Wyoming,Franklin,227
Wyoming,Carbon,71
Wyoming,Snyder,121
Wyoming,Perry,161
Wyoming,Bradford,51
Wyoming,Luzerne,37
Wyoming,York,187
Wyoming,Beaver,375
Wyoming,Lancaster,164
Wyoming,Northumberland,94
Wyoming,Wayne,61
Wyoming,Columbia,61
Wyoming,Philadelphia,183
Wyoming,Clearfield,213
Wyoming,Indiana,275
Wyoming,Cameron,183
Wyoming,Mifflin,168
Wyoming,Lycoming,89
Wyoming,Forest,268
Wyoming,Somerset,307
Wyoming,Elk,220
Wyoming,Bucks,151
Wyoming,Tioga,107
Wyoming,Lawrence,366
Wyoming,Huntingdon,205
Wyoming,Pike,84
Wyoming,Crawford,341
Wyoming,Bedford,267
Wyoming,Northampton,103
Wyoming,Clarion,287
Wyoming,Washington,386
Butler,Adams,256
Butler,Berks,341
Butler,Cambria,111
Butler,Sullivan,291
Butler,Mercer,52
Butler,Erie,120
Butler,Lebanon,298
Butler,Fayette,112
Butler,Potter,192
Butler,Chester,367
Butler,Cumberland,239
Butler,Montour,274
Butler,Susquehanna,358
Butler,Greene,120
Butler,Warren,113
Butler,Allegheny,49
Butler,Blair,140
Butler,Venango,56
Butler,Fulton,188
Butler,Lehigh,365
Butler,Dauphin,270
Butler,Juniata,216
Butler,Wyoming,333
Butler,Schuylkill,312
Butler,Centre,176
Butler,McKean,150
Butler,Armstrong,38
Butler,Jefferson,80
Butler,Lackawanna,365
Butler,Montgomery,392
Butler,Westmoreland,76
Butler,Clinton,194
Butler,Delaware,398
Butler,Monroe,385
Butler,Union,240
Butler,Franklin,215
Butler,Carbon,354
Butler,Snyder,240
Butler,Perry,231
Butler,Bradford,300
Butler,Luzerne,331
Butler,York,292
Butler,Beaver,44
Butler,Lancaster,325
Butler,Northumberland,270
Butler,Wayne,394
Butler,Columbia,295
Butler,Philadelphia,417
Butler,Clearfield,121
Butler,Indiana,75
Butler,Cameron,154
Butler,Mifflin,196
Butler,Lycoming,243
Butler,Forest,87
Butler,Somerset,128
Butler,Elk,120
Butler,Bucks,411
Butler,Tioga,242
Butler,Lawrence,36
Butler,Huntingdon,172
Butler,Pike,412
Butler,Crawford,87
Butler,Bedford,157
Butler,Northampton,388
Butler,Clarion,51
Butler,Washington,84
Schuylkill,Adams,125
Schuylkill,Berks,40
Schuylkill,Cambria,212
Schuylkill,Sullivan,85
Schuylkill,Mercer,345
Schuylkill,Erie,349
Schuylkill,Lebanon,42
Schuylkill,Fayette,304
Schuylkill,Potter,181
Schuylkill,Chester,90
Schuylkill,Cumberland,107
Schuylkill,Montour,51
Schuylkill,Susquehanna,128
Schuylkill,Greene,353
Schuylkill,Warren,284
Schuylkill,Allegheny,319
Schuylkill,Blair,181
Schuylkill,Venango,307
Schuylkill,Fulton,182
Schuylkill,Lehigh,53
Schuylkill,Dauphin,56
Schuylkill,Juniata,101
Schuylkill,Wyoming,91
Schuylkill,Butler,312
Schuylkill,Centre,137
Schuylkill,McKean,231
Schuylkill,Armstrong,274
Schuylkill,Jefferson,238
Schuylkill,Lackawanna,96
Schuylkill,Montgomery,90
Schuylkill,Westmoreland,278
Schuylkill,Clinton,132
Schuylkill,Delaware,111
Schuylkill,Monroe,84
Schuylkill,Union,76
Schuylkill,Franklin,154
Schuylkill,Carbon,49
Schuylkill,Snyder,72
Schuylkill,Perry,93
Schuylkill,Bradford,122
Schuylkill,Luzerne,55
Schuylkill,York,97
Schuylkill,Beaver,348
Schuylkill,Lancaster,73
Schuylkill,Northumberland,44
Schuylkill,Wayne,129
Schuylkill,Columbia,41
Schuylkill,Philadelphia,120
Schuylkill,Clearfield,192
Schuylkill,Indiana,242
Schuylkill,Cameron,185
Schuylkill,Mifflin,118
Schuylkill,Lycoming,100
Schuylkill,Forest,268
Schuylkill,Somerset,252
Schuylkill,Elk,219
Schuylkill,Bucks,102
Schuylkill,Tioga,146
Schuylkill,Lawrence,348
Schuylkill,Huntingdon,152
Schuylkill,Pike,121
Schuylkill,Crawford,343
Schuylkill,Bedford,207
Schuylkill,Northampton,77
Schuylkill,Clarion,274
Schuylkill,Washington,346
Centre,Adams,127
Centre,Berks,169
Centre,Cambria,89
Centre,Sullivan,124
Centre,Mercer,208
Centre,Erie,220
Centre,Lebanon,130
Centre,Fayette,190
Centre,Potter,91
Centre,Chester,204
Centre,Cumberland,95
Centre,Montour,98
Centre,Susquehanna,196
Centre,Greene,235
Centre,Warren,157
Centre,Allegheny,189
Centre,Blair,65
Centre,Venango,171
Centre,Fulton,113
Centre,Lehigh,190
Centre,Dauphin,104
Centre,Juniata,55
Centre,Wyoming,165
Centre,Butler,176
Centre,Schuylkill,137
Centre,McKean,117
Centre,Armstrong,139
Centre,Jefferson,101
Centre,Lackawanna,194
Centre,Montgomery,222
Centre,Westmoreland,154
Centre,Clinton,38
Centre,Delaware,233
Centre,Monroe,209
Centre,Union,64
Centre,Franklin,110
Centre,Carbon,178
Centre,Snyder,65
Centre,Perry,74
Centre,Bradford,146
Centre,Luzerne,156
Centre,York,144
Centre,Beaver,214
Centre,Lancaster,164
Centre,Northumberland,94
Centre,Wayne,226
Centre,Columbia,119
Centre,Philadelphia,249
Centre,Clearfield,55
Centre,Indiana,111
Centre,Cameron,66
Centre,Mifflin,38
Centre,Lycoming,79
Centre,Forest,135
Centre,Somerset,146
Centre,Elk,89
Centre,Bucks,238
Centre,Tioga,106
Centre,Lawrence,211
Centre,Huntingdon,57
Centre,Pike,238
Centre,Crawford,209
Centre,Bedford,115
Centre,Northampton,212
Centre,Clarion,137
Centre,Washington,220
McKean,Adams,243
McKean,Berks,270
McKean,Cambria,147
McKean,Sullivan,176
McKean,Mercer,151
McKean,Erie,123
McKean,Lebanon,238
McKean,Fayette,228
McKean,Potter,56
McKean,Chester,312
McKean,Cumberland,212
McKean,Montour,181
McKean,Susquehanna,230
McKean,Greene,258
McKean,Warren,58
McKean,Allegheny,190
McKean,Blair,148
McKean,Venango,109
McKean,Fulton,212
McKean,Lehigh,282
McKean,Dauphin,215
McKean,Juniata,172
McKean,Wyoming,215
McKean,Butler,150
McKean,Schuylkill,231
McKean,Centre,117
McKean,Armstrong,133
McKean,Jefferson,83
McKean,Lackawanna,250
McKean,Montgomery,322
McKean,Westmoreland,182
McKean,Clinton,100
McKean,Delaware,339
McKean,Monroe,282
McKean,Union,157
McKean,Franklin,220
McKean,Carbon,258
McKean,Snyder,170
McKean,Perry,191
McKean,Bradford,170
McKean,Luzerne,226
McKean,York,261
McKean,Beaver,194
McKean,Lancaster,276
McKean,Northumberland,188
McKean,Wayne,272
McKean,Columbia,199
McKean,Philadelphia,351
McKean,Clearfield,90
McKean,Indiana,135
McKean,Cameron,51
McKean,Mifflin,155
McKean,Lycoming,135
McKean,Forest,64
McKean,Somerset,207
McKean,Elk,42
McKean,Bucks,333
McKean,Tioga,109
McKean,Lawrence,173
McKean,Huntingdon,162
McKean,Pike,299
McKean,Crawford,129
McKean,Bedford,200
McKean,Northampton,297
McKean,Clarion,98
McKean,Washington,228
Armstrong,Adams,218
Armstrong,Berks,302
Armstrong,Cambria,73
Armstrong,Sullivan,258
Armstrong,Mercer,85
Armstrong,Erie,139
Armstrong,Lebanon,259
Armstrong,Fayette,100
Armstrong,Potter,167
Armstrong,Chester,329
Armstrong,Cumberland,200
Armstrong,Montour,237
Armstrong,Susquehanna,326
Armstrong,Greene,124
Armstrong,Warren,112
Armstrong,Allegheny,58
Armstrong,Blair,101
Armstrong,Venango,69
Armstrong,Fulton,151
Armstrong,Lehigh,327
Armstrong,Dauphin,232
Armstrong,Juniata,177
Armstrong,Wyoming,300
Armstrong,Butler,38
Armstrong,Schuylkill,274
Armstrong,Centre,139
Armstrong,McKean,133
Armstrong,Jefferson,53
Armstrong,Lackawanna,331
Armstrong,Montgomery,353
Armstrong,Westmoreland,56
Armstrong,Clinton,160
Armstrong,Delaware,359
Armstrong,Monroe,349
Armstrong,Union,203
Armstrong,Franklin,178
Armstrong,Carbon,317
Armstrong,Snyder,202
Armstrong,Perry,192
Armstrong,Bradford,270
Armstrong,Luzerne,295
Armstrong,York,253
Armstrong,Beaver,75
Armstrong,Lancaster,286
Armstrong,Northumberland,232
Armstrong,Wayne,361
Armstrong,Columbia,259
Armstrong,Philadelphia,378
Armstrong,Clearfield,86
Armstrong,Indiana,36
Armstrong,Cameron,126
Armstrong,Mifflin,158
Armstrong,Lycoming,210
Armstrong,Forest,80
Armstrong,Somerset,100
Armstrong,Elk,97
Armstrong,Bucks,372
Armstrong,Tioga,213
Armstrong,Lawrence,75
Armstrong,Huntingdon,133
Armstrong,Pike,377
Armstrong,Crawford,110
Armstrong,Bedford,122
Armstrong,Northampton,351
Armstrong,Clarion,42
Armstrong,Washington,95
Jefferson,Adams,205
Jefferson,Berks,270
Jefferson,Cambria,74
Jefferson,Sullivan,211
Jefferson,Mercer,107
Jefferson,Erie,129
Jefferson,Lebanon,230
Jefferson,Fayette,145
Jefferson,Potter,114
Jefferson,Chester,303
Jefferson,Cumberland,181
Jefferson,Montour,196
Jefferson,Susquehanna,277
Jefferson,Greene,175
Jefferson,Warren,79
Jefferson,Allegheny,111
Jefferson,Blair,90
Jefferson,Venango,70
Jefferson,Fulton,153
Jefferson,Lehigh,292
Jefferson,Dauphin,203
Jefferson,Juniata,150
Jefferson,Wyoming,253
Jefferson,Butler,80
Jefferson,Schuylkill,238
Jefferson,Centre,101
Jefferson,McKean,83
Jefferson,Armstrong,53
Jefferson,Lackawanna,285
Jefferson,Montgomery,323
Jefferson,Westmoreland,99
Jefferson,Clinton,114
Jefferson,Delaware,333
Jefferson,Monroe,307
Jefferson,Union,163
Jefferson,Franklin,171
Jefferson,Carbon,277
Jefferson,Snyder,167
Jefferson,Perry,167
Jefferson,Bradford,219
Jefferson,Luzerne,252
Jefferson,York,234
Jefferson,Beaver,124
Jefferson,Lancaster,262
Jefferson,Northumberland,195
Jefferson,Wayne,314
Jefferson,Columbia,217
Jefferson,Philadelphia,350
Jefferson,Clearfield,46
Jefferson,Indiana,53
Jefferson,Cameron,74
Jefferson,Mifflin,129
Jefferson,Lycoming,163
Jefferson,Forest,46
Jefferson,Somerset,128
Jefferson,Elk,44
Jefferson,Bucks,340
Jefferson,Tioga,162
Jefferson,Lawrence,113
Jefferson,Huntingdon,117
Jefferson,Pike,333
Jefferson,Crawford,111
Jefferson,Bedford,132
Jefferson,Northampton,313
Jefferson,Clarion,36
Jefferson,Washington,148
Lackawanna,Adams,220
Lackawanna,Berks,116
Lackawanna,Cambria,281
Lackawanna,Sullivan,75
Lackawanna,Mercer,389
Lackawanna,Erie,373
Lackawanna,Lebanon,138
Lackawanna,Fayette,380
Lackawanna,Potter,193
Lackawanna,Chester,163
Lackawanna,Cumberland,198
Lackawanna,Montour,99
Lackawanna,Susquehanna,45
Lackawanna,Greene,428
Lackawanna,Warren,308
Lackawanna,Allegheny,383
Lackawanna,Blair,253
Lackawanna,Venango,346
Lackawanna,Fulton,270
Lackawanna,Lehigh,91
Lackawanna,Dauphin,149
Lackawanna,Juniata,181
Lackawanna,Wyoming,35
Lackawanna,Butler,365
Lackawanna,Schuylkill,96
Lackawanna,Centre,194
Lackawanna,McKean,250
Lackawanna,Armstrong,331
Lackawanna,Jefferson,285
Lackawanna,Montgomery,137
Lackawanna,Westmoreland,348
Lackawanna,Clinton,171
Lackawanna,Delaware,169
Lackawanna,Monroe,47
Lackawanna,Union,132
Lackawanna,Franklin,245
Lackawanna,Carbon,58
Lackawanna,Snyder,143
Lackawanna,Perry,180
Lackawanna,Bradford,85
Lackawanna,Luzerne,43
Lackawanna,York,192
Lackawanna,Beaver,407
Lackawanna,Lancaster,163
Lackawanna,Northumberland,113
Lackawanna,Wayne,34
Lackawanna,Columbia,79
Lackawanna,Philadelphia,164
Lackawanna,Clearfield,244
Lackawanna,Indiana,305
Lackawanna,Cameron,217
Lackawanna,Mifflin,192
Lackawanna,Lycoming,122
Lackawanna,Forest,302
Lackawanna,Somerset,331
Lackawanna,Elk,253
Lackawanna,Bucks,129
Lackawanna,Tioga,142
Lackawanna,Lawrence,399
Lackawanna,Huntingdon,229
Lackawanna,Pike,49
Lackawanna,Crawford,376
Lackawanna,Bedford,290
Lackawanna,Northampton,80
Lackawanna,Clarion,320
Lackawanna,Washington,415
Montgomery,Adams,162
Montgomery,Berks,52
Montgomery,Cambria,285
Montgomery,Sullivan,167
Montgomery,Mercer,430
Montgomery,Erie,439
Montgomery,Lebanon,94
Montgomery,Fayette,366
Montgomery,Potter,272
Montgomery,Chester,41
Montgomery,Cumberland,161
Montgomery,Montour,142
Montgomery,Susquehanna,182
Montgomery,Greene,416
Montgomery,Warren,373
Montgomery,Allegheny,393
Montgomery,Blair,254
Montgomery,Venango,393
Montgomery,Fulton,236
Montgomery,Lehigh,48
Montgomery,Dauphin,121
Montgomery,Juniata,176
Montgomery,Wyoming,155
Montgomery,Butler,392
Montgomery,Schuylkill,90
Montgomery,Centre,222
Montgomery,McKean,322
Montgomery,Armstrong,353
Montgomery,Jefferson,323
Montgomery,Lackawanna,137
Montgomery,Westmoreland,348
Montgomery,Clinton,222
Montgomery,Delaware,32
Montgomery,Monroe,94
Montgomery,Union,165
Montgomery,Franklin,203
Montgomery,Carbon,83
Montgomery,Snyder,157
Montgomery,Perry,161
Montgomery,Bradford,200
Montgomery,Luzerne,119
Montgomery,York,119
Montgomery,Beaver,425
Montgomery,Lancaster,77
Montgomery,Northumberland,133
Montgomery,Wayne,159
Montgomery,Columbia,128
Montgomery,Philadelphia,30
Montgomery,Clearfield,276
Montgomery,Indiana,319
Montgomery,Cameron,275
Montgomery,Mifflin,195
Montgomery,Lycoming,190
Montgomery,Forest,356
Montgomery,Somerset,313
Montgomery,Elk,307
Montgomery,Bucks,26
Montgomery,Tioga,235
Montgomery,Lawrence,429
Montgomery,Huntingdon,223
Montgomery,Pike,127
Montgomery,Crawford,431
Montgomery,Bedford,266
Montgomery,Northampton,60
Montgomery,Clarion,359
Montgomery,Washington,415
Westmoreland,Adams,197
Westmoreland,Berks,300
Westmoreland,Cambria,66
Westmoreland,Sullivan,279
Westmoreland,Mercer,128
Westmoreland,Erie,193
Westmoreland,Lebanon,255
Westmoreland,Fayette,46
Westmoreland,Potter,206
Westmoreland,Chester,318
Westmoreland,Cumberland,188
Westmoreland,Montour,250
Westmoreland,Susquehanna,350
Westmoreland,Greene,82
Westmoreland,Warren,168
Westmoreland,Allegheny,47
Westmoreland,Blair,97
Westmoreland,Venango,123
Westmoreland,Fulton,123
Westmoreland,Lehigh,329
Westmoreland,Dauphin,228
Westmoreland,Juniata,177
Westmoreland,Wyoming,320
Westmoreland,Butler,76
Westmoreland,Schuylkill,278
Westmoreland,Centre,154
Westmoreland,McKean,182
Westmoreland,Armstrong,56
Westmoreland,Jefferson,99
Westmoreland,Lackawanna,348
Westmoreland,Montgomery,348
Westmoreland,Clinton,185
Westmoreland,Delaware,349
Westmoreland,Monroe,358
Westmoreland,Union,216
Westmoreland,Franklin,154
Westmoreland,Carbon,325
Westmoreland,Snyder,209
Westmoreland,Perry,188
Westmoreland,Bradford,297
Westmoreland,Luzerne,309
Westmoreland,York,237
Westmoreland,Beaver,85
Westmoreland,Lancaster,275
Westmoreland,Northumberland,241
Westmoreland,Wayne,380
Westmoreland,Columbia,271
Westmoreland,Philadelphia,370
Westmoreland,Clearfield,113
Westmoreland,Indiana,49
Westmoreland,Cameron,164
Westmoreland,Mifflin,160
Westmoreland,Lycoming,232
Westmoreland,Forest,135
Westmoreland,Somerset,53
Westmoreland,Elk,142
Westmoreland,Bucks,370
Westmoreland,Tioga,247
Westmoreland,Lawrence,105
Westmoreland,Huntingdon,126
Westmoreland,Pike,391
Westmoreland,Crawford,161
Westmoreland,Bedford,90
Westmoreland,Northampton,355
Westmoreland,Clarion,98
Westmoreland,Washington,67
Clinton,Adams,155
Clinton,Berks,170
Clinton,Cambria,122
Clinton,Sullivan,97
Clinton,Mercer,219
Clinton,Erie,217
Clinton,Lebanon,138
Clinton,Fayette,224
Clinton,Potter,60
Clinton,Chester,212
Clinton,Cumberland,122
Clinton,Montour,85
Clinton,Susquehanna,166
Clinton,Greene,267
Clinton,Warren,151
Clinton,Allegheny,215
Clinton,Blair,102
Clinton,Venango,178
Clinton,Fulton,150
Clinton,Lehigh,185
Clinton,Dauphin,115
Clinton,Juniata,80
Clinton,Wyoming,139
Clinton,Butler,194
Clinton,Schuylkill,132
Clinton,Centre,38
Clinton,McKean,100
Clinton,Armstrong,160
Clinton,Jefferson,114
Clinton,Lackawanna,171
Clinton,Montgomery,222
Clinton,Westmoreland,185
Clinton,Delaware,239
Clinton,Monroe,194
Clinton,Union,57
Clinton,Franklin,145
Clinton,Carbon,166
Clinton,Snyder,70
Clinton,Perry,97
Clinton,Bradford,112
Clinton,Luzerne,138
Clinton,York,164
Clinton,Beaver,236
Clinton,Lancaster,176
Clinton,Northumberland,88
Clinton,Wayne,200
Clinton,Columbia,105
Clinton,Philadelphia,251
Clinton,Clearfield,74
Clinton,Indiana,138
Clinton,Cameron,52
Clinton,Mifflin,68
Clinton,Lycoming,49
Clinton,Forest,137
Clinton,Somerset,182
Clinton,Elk,87
Clinton,Bucks,235
Clinton,Tioga,68
Clinton,Lawrence,227
Clinton,Huntingdon,95
Clinton,Pike,218
Clinton,Crawford,212
Clinton,Bedford,153
Clinton,Northampton,203
Clinton,Clarion,149
Clinton,Washington,248
Delaware,Adams,155
Delaware,Berks,71
Delaware,Cambria,289
Delaware,Sullivan,194
Delaware,Mercer,438
Delaware,Erie,453
Delaware,Lebanon,102
Delaware,Fayette,362
Delaware,Potter,292
Delaware,Chester,30
Delaware,Cumberland,161
Delaware,Montour,163
Delaware,Susquehanna,214
Delaware,Greene,412
Delaware,Warren,388
Delaware,Allegheny,394
Delaware,Blair,258
Delaware,Venango,403
Delaware,Fulton,231
Delaware,Lehigh,79
Delaware,Dauphin,129
Delaware,Juniata,183
Delaware,Wyoming,185
Delaware,Butler,398
Delaware,Schuylkill,111
Delaware,Centre,233
Delaware,McKean,339
Delaware,Armstrong,359
Delaware,Jefferson,333
Delaware,Lackawanna,169
Delaware,Montgomery,32
Delaware,Westmoreland,349
Delaware,Clinton,239
Delaware,Monroe,127
Delaware,Union,182
Delaware,Franklin,198
Delaware,Carbon,114
Delaware,Snyder,170
Delaware,Perry,166
Delaware,Bradford,228
Delaware,Luzerne,148
Delaware,York,112
Delaware,Beaver,428
Delaware,Lancaster,73
Delaware,Northumberland,151
Delaware,Wayne,192
Delaware,Columbia,151
Delaware,Philadelphia,24
Delaware,Clearfield,286
Delaware,Indiana,323
Delaware,Cameron,291
Delaware,Mifflin,203
Delaware,Lycoming,211
Delaware,Forest,369
Delaware,Somerset,309
Delaware,Elk,321
Delaware,Bucks,52
Delaware,Tioga,258
Delaware,Lawrence,434
Delaware,Huntingdon,226
Delaware,Pike,160
Delaware,Crawford,443
Delaware,Bedford,263
Delaware,Northampton,93
Delaware,Clarion,368
Delaware,Washington,414
Monroe,Adams,207
Monroe,Berks,86
Monroe,Cambria,292
Monroe,Sullivan,107
Monroe,Mercer,413
Monroe,Erie,405
Monroe,Lebanon,122
Monroe,Fayette,386
Monroe,Potter,226
Monroe,Chester,125
Monroe,Cumberland,190
Monroe,Montour,111
Monroe,Susquehanna,92
Monroe,Greene,435
Monroe,Warren,339
Monroe,Allegheny,397
Monroe,Blair,261
Monroe,Venango,372
Monroe,Fulton,266
Monroe,Lehigh,54
Monroe,Dauphin,140
Monroe,Juniata,183
Monroe,Wyoming,76
Monroe,Butler,385
Monroe,Schuylkill,84
Monroe,Centre,209
Monroe,McKean,282
Monroe,Armstrong,349
Monroe,Jefferson,307
Monroe,Lackawanna,47
Monroe,Montgomery,94
Monroe,Westmoreland,358
Monroe,Clinton,194
Monroe,Delaware,127
Monroe,Union,145
Monroe,Franklin,237
Monroe,Carbon,34
Monroe,Snyder,149
Monroe,Perry,177
Monroe,Bradford,127
Monroe,Luzerne,56
Monroe,York,172
Monroe,Beaver,424
Monroe,Lancaster,136
Monroe,Northumberland,117
Monroe,Wayne,65
Monroe,Columbia,89
Monroe,Philadelphia,118
Monroe,Clearfield,263
Monroe,Indiana,319
Monroe,Cameron,244
Monroe,Mifflin,198
Monroe,Lycoming,148
Monroe,Forest,330
Monroe,Somerset,335
Monroe,Elk,280
Monroe,Bucks,82
Monroe,Tioga,178
Monroe,Lawrence,420
Monroe,Huntingdon,234
Monroe,Pike,39
Monroe,Crawford,405
Monroe,Bedford,291
Monroe,Northampton,34
Monroe,Clarion,343
Monroe,Washington,426
Union,Adams,122
Union,Berks,113
Union,Cambria,149
Union,Sullivan,70
Union,Mercer,270
Union,Erie,273
Union,Lebanon,83
Union,Fayette,248
Union,Potter,111
Union,Chester,156
Union,Cumberland,90
Union,Montour,34
Union,Susquehanna,142
Union,Greene,295
Union,Warren,207
Union,Allegheny,252
Union,Blair,120
Union,Venango,231
Union,Fulton,145
Union,Lehigh,129
Union,Dauphin,65
Union,Juniata,55
Union,Wyoming,107
Union,Butler,240
Union,Schuylkill,76
Union,Centre,64
Union,McKean,157
Union,Armstrong,203
Union,Jefferson,163
Union,Lackawanna,132
Union,Montgomery,165
Union,Westmoreland,216
Union,Clinton,57
Union,Delaware,182
Union,Monroe,145
Union,Franklin,128
Union,Carbon,114
Union,Snyder,21
Union,Perry,64
Union,Bradford,102
Union,Luzerne,93
Union,York,119
Union,Beaver,279
Union,Lancaster,123
Union,Northumberland,32
Union,Wayne,165
Union,Columbia,55
Union,Philadelphia,194
Union,Clearfield,118
Union,Indiana,174
Union,Cameron,109
Union,Mifflin,61
Union,Lycoming,42
Union,Forest,192
Union,Somerset,199
Union,Elk,142
Union,Bucks,179
Union,Tioga,91
Union,Lawrence,275
Union,Huntingdon,98
Union,Pike,175
Union,Crawford,267
Union,Bedford,161
Union,Northampton,149
Union,Clarion,199
Union,Washington,283
Franklin,Adams,43
Franklin,Berks,162
Franklin,Cambria,105
Franklin,Sullivan,197
Franklin,Mercer,263
Franklin,Erie,301
Franklin,Lebanon,118
Franklin,Fayette,164
Franklin,Potter,202
Franklin,Chester,168
Franklin,Cumberland,47
Franklin,Montour,151
Franklin,Susquehanna,265
Franklin,Greene,214
Franklin,Warren,247
Franklin,Allegheny,201
Franklin,Blair,81
Franklin,Venango,237
Franklin,Fulton,33
Franklin,Lehigh,196
Franklin,Dauphin,97
Franklin,Juniata,72
Franklin,Wyoming,227
Franklin,Butler,215
Franklin,Schuylkill,154
Franklin,Centre,110
Franklin,McKean,220
Franklin,Armstrong,178
Franklin,Jefferson,171
Franklin,Lackawanna,245
Franklin,Montgomery,203
Franklin,Westmoreland,154
Franklin,Clinton,145
Franklin,Delaware,198
Franklin,Monroe,237
Franklin,Union,128
Franklin,Carbon,203
Franklin,Snyder,108
Franklin,Perry,66
Franklin,Bradford,230
Franklin,Luzerne,201
Franklin,York,85
Franklin,Beaver,238
Franklin,Lancaster,126
Franklin,Northumberland,133
Franklin,Wayne,279
Franklin,Columbia,167
Franklin,Philadelphia,220
Franklin,Clearfield,135
Franklin,Indiana,141
Franklin,Cameron,172
Franklin,Mifflin,76
Franklin,Lycoming,166
Franklin,Forest,217
Franklin,Somerset,111
Franklin,Elk,184
Franklin,Bucks,227
Franklin,Tioga,208
Franklin,Lawrence,251
Franklin,Huntingdon,58
Franklin,Pike,275
Franklin,Crawford,280
Franklin,Bedford,66
Franklin,Northampton,224
Franklin,Clarion,201
Franklin,Washington,217
Carbon,Adams,173
Carbon,Berks,58
Carbon,Cambria,258
Carbon,Sullivan,89
Carbon,Mercer,384
Carbon,Erie,380
Carbon,Lebanon,88
Carbon,Fayette,352
Carbon,Potter,204
Carbon,Chester,104
Carbon,Cumberland,156
Carbon,Montour,81
Carbon,Susquehanna,100
Carbon,Greene,401
Carbon,Warren,314
Carbon,Allegheny,364
Carbon,Blair,228
Carbon,Venango,344
Carbon,Fulton,231
Carbon,Lehigh,35
Carbon,Dauphin,106
Carbon,Juniata,149
Carbon,Wyoming,71
Carbon,Butler,354
Carbon,Schuylkill,49
Carbon,Centre,178
Carbon,McKean,258
Carbon,Armstrong,317
Carbon,Jefferson,277
Carbon,Lackawanna,58
Carbon,Montgomery,83
Carbon,Westmoreland,325
Carbon,Clinton,166
Carbon,Delaware,114
Carbon,Monroe,34
Carbon,Union,114
Carbon,Franklin,203
Carbon,Snyder,115
Carbon,Perry,142
Carbon,Bradford,118
Carbon,Luzerne,37
Carbon,York,140
Carbon,Beaver,392
Carbon,Lancaster,107
Carbon,Northumberland,84
Carbon,Wayne,87
Carbon,Columbia,60
Carbon,Philadelphia,112
Carbon,Clearfield,232
Carbon,Indiana,286
Carbon,Cameron,217
Carbon,Mifflin,164
Carbon,Lycoming,123
Carbon,Forest,302
Carbon,Somerset,300
Carbon,Elk,252
Carbon,Bucks,82
Carbon,Tioga,160
Carbon,Lawrence,389
Carbon,Huntingdon,200
Carbon,Pike,73
Carbon,Crawford,378
Carbon,Bedford,256
Carbon,Northampton,38
Carbon,Clarion,313
Carbon,Washington,392
Snyder,Adams,100
Snyder,Berks,104
Snyder,Cambria,142
Snyder,Sullivan,88
Snyder,Mercer,274
Snyder,Erie,282
Snyder,Lebanon,68
Snyder,Fayette,238
Snyder,Potter,128
Snyder,Chester,142
Snyder,Cumberland,69
Snyder,Montour,44
Snyder,Susquehanna,157
Snyder,Greene,286
Snyder,Warren,218
Snyder,Allegheny,248
Snyder,Blair,112
Snyder,Venango,236
Snyder,Fulton,129
Snyder,Lehigh,125
Snyder,Dauphin,46
Snyder,Juniata,38
Snyder,Wyoming,121
Snyder,Butler,240
Snyder,Schuylkill,72
Snyder,Centre,65
Snyder,McKean,170
Snyder,Armstrong,202
Snyder,Jefferson,167
Snyder,Lackawanna,143
Snyder,Montgomery,157
Snyder,Westmoreland,209
Snyder,Clinton,70
Snyder,Delaware,170
Snyder,Monroe,149
Snyder,Union,21
Snyder,Franklin,108
Snyder,Carbon,115
Snyder,Perry,43
Snyder,Bradford,122
Snyder,Luzerne,101
Snyder,York,98
Snyder,Beaver,277
Snyder,Lancaster,106
Snyder,Northumberland,31
Snyder,Wayne,177
Snyder,Columbia,63
Snyder,Philadelphia,184
Snyder,Clearfield,120
Snyder,Indiana,171
Snyder,Cameron,120
Snyder,Mifflin,49
Snyder,Lycoming,63
Snyder,Forest,199
Snyder,Somerset,188
Snyder,Elk,151
Snyder,Bucks,172
Snyder,Tioga,112
Snyder,Lawrence,276
Snyder,Huntingdon,86
Snyder,Pike,182
Snyder,Crawford,274
Snyder,Bedford,147
Snyder,Northampton,148
Snyder,Clarion,203
Snyder,Washington,277
Perry,Adams,59
Perry,Berks,112
Perry,Cambria,124
Perry,Sullivan,131
Perry,Mercer,271
Perry,Erie,292
Perry,Lebanon,67
Perry,Fayette,210
Perry,Potter,158
Perry,Chester,136
Perry,Cumberland,26
Perry,Montour,85
Perry,Susquehanna,199
Perry,Greene,260
Perry,Warren,231
Perry,Allegheny,231
Perry,Blair,92
Perry,Venango,238
Perry,Fulton,90
Perry,Lehigh,142
Perry,Dauphin,40
Perry,Juniata,19
Perry,Wyoming,161
Perry,Butler,231
Perry,Schuylkill,93
Perry,Centre,74
Perry,McKean,191
Perry,Armstrong,192
Perry,Jefferson,167
Perry,Lackawanna,180
Perry,Montgomery,161
Perry,Westmoreland,188
Perry,Clinton,97
Perry,Delaware,166
Perry,Monroe,177
Perry,Union,64
Perry,Franklin,66
Perry,Carbon,142
Perry,Snyder,43
Perry,Bradford,166
Perry,Luzerne,137
Perry,York,70
Perry,Beaver,263
Perry,Lancaster,94
Perry,Northumberland,67
Perry,Wayne,214
Perry,Columbia,101
Perry,Philadelphia,185
Perry,Clearfield,122
Perry,Indiana,157
Perry,Cameron,140
Perry,Mifflin,38
Perry,Lycoming,105
Perry,Forest,207
Perry,Somerset,158
Perry,Elk,163
Perry,Bucks,182
Perry,Tioga,152
Perry,Lawrence,268
Perry,Huntingdon,61
Perry,Pike,214
Perry,Crawford,278
Perry,Bedford,113
Perry,Northampton,169
Perry,Clarion,202
Perry,Washington,255
Bradford,Adams,221
Bradford,Berks,160
Bradford,Cambria,234
Bradford,Sullivan,38
Bradford,Mercer,316
Bradford,Erie,293
Bradford,Lebanon,158
Bradford,Fayette,336
Bradford,Potter,114
Bradford,Chester,211
Bradford,Cumberland,191
Bradford,Montour,85
Bradford,Susquehanna,59
Bradford,Greene,379
Bradford,Warren,229
Bradford,Allegheny,326
Bradford,Blair,211
Bradford,Venango,273
Bradford,Fulton,247
Bradford,Lehigh,151
Bradford,Dauphin,153
Bradford,Juniata,158
Bradford,Wyoming,51
Bradford,Butler,300
Bradford,Schuylkill,122
Bradford,Centre,146
Bradford,McKean,170
Bradford,Armstrong,270
Bradford,Jefferson,219
Bradford,Lackawanna,85
Bradford,Montgomery,200
Bradford,Westmoreland,297
Bradford,Clinton,112
Bradford,Delaware,228
Bradford,Monroe,127
Bradford,Union,102
Bradford,Franklin,230
Bradford,Carbon,118
Bradford,Snyder,122
Bradford,Perry,166
Bradford,Luzerne,81
Bradford,York,208
Bradford,Beaver,344
Bradford,Lancaster,195
Bradford,Northumberland,105
Bradford,Wayne,102
Bradford,Columbia,82
Bradford,Philadelphia,229
Bradford,Clearfield,185
Bradford,Indiana,250
Bradford,Cameron,146
Bradford,Mifflin,160
Bradford,Lycoming,67
Bradford,Forest,228
Bradford,Somerset,292
Bradford,Elk,182
Bradford,Bucks,200
Bradford,Tioga,61
Bradford,Lawrence,331
Bradford,Huntingdon,196
Bradford,Pike,133
Bradford,Crawford,299
Bradford,Bedford,258
Bradford,Northampton,153
Bradford,Clarion,251
Bradford,Washington,360
Luzerne,Adams,178
Luzerne,Berks,84
Luzerne,Cambria,242
Luzerne,Sullivan,53
Luzerne,Mercer,358
Luzerne,Erie,349
Luzerne,Lebanon,98
Luzerne,Fayette,340
Luzerne,Potter,171
Luzerne,Chester,135
Luzerne,Cumberland,155
Luzerne,Montour,58
Luzerne,Susquehanna,73
Luzerne,Greene,387
Luzerne,Warren,283
Luzerne,Allegheny,346
Luzerne,Blair,213
Luzerne,Venango,316
Luzerne,Fulton,227
Luzerne,Lehigh,70
Luzerne,Dauphin,107
Luzerne,Juniata,139
Luzerne,Wyoming,37
Luzerne,Butler,331
Luzerne,Schuylkill,55
Luzerne,Centre,156
Luzerne,McKean,226
Luzerne,Armstrong,295
Luzerne,Jefferson,252
Luzerne,Lackawanna,43
Luzerne,Montgomery,119
Luzerne,Westmoreland,309
Luzerne,Clinton,138
Luzerne,Delaware,148
Luzerne,Monroe,56
Luzerne,Union,93
Luzerne,Franklin,201
Luzerne,Carbon,37
Luzerne,Snyder,101
Luzerne,Perry,137
Luzerne,Bradford,81
Luzerne,York,152
Luzerne,Beaver,371
Luzerne,Lancaster,127
Luzerne,Northumberland,70
Luzerne,Wayne,77
Luzerne,Columbia,37
Luzerne,Philadelphia,148
Luzerne,Clearfield,209
Luzerne,Indiana,267
Luzerne,Cameron,187
Luzerne,Mifflin,150
Luzerne,Lycoming,92
Luzerne,Forest,274
Luzerne,Somerset,290
Luzerne,Elk,224
Luzerne,Bucks,119
Luzerne,Tioga,124
Luzerne,Lawrence,365
Luzerne,Huntingdon,188
Luzerne,Pike,82
Luzerne,Crawford,349
Luzerne,Bedford,248
Luzerne,Northampton,74
Luzerne,Clarion,287
Luzerne,Washington,376
York,Adams,42
York,Berks,87
York,Cambria,181
York,Sullivan,170
York,Mercer,336
York,Erie,361
York,Lebanon,54
York,Fayette,250
York,Potter,225
York,Chester,83
York,Cumberland,53
York,Montour,122
York,Susquehanna,224
York,Greene,299
York,Warren,300
York,Allegheny,284
York,Blair,151
York,Venango,304
York,Fulton,118
York,Lehigh,122
York,Dauphin,55
York,Juniata,89
York,Wyoming,187
York,Butler,292
York,Schuylkill,97
York,Centre,144
York,McKean,261
York,Armstrong,253
York,Jefferson,234
York,Lackawanna,192
York,Montgomery,119
York,Westmoreland,237
York,Clinton,164
York,Delaware,112
York,Monroe,172
York,Union,119
York,Franklin,85
York,Carbon,140
York,Snyder,98
York,Perry,70
York,Bradford,208
York,Luzerne,152
York,Beaver,319
York,Lancaster,42
York,Northumberland,103
York,Wayne,226
York,Columbia,127
York,Philadelphia,135
York,Clearfield,190
York,Indiana,217
York,Cameron,209
York,Mifflin,108
York,Lycoming,160
York,Forest,276
York,Somerset,197
York,Elk,233
York,Bucks,144
York,Tioga,210
York,Lawrence,328
York,Huntingdon,120
York,Pike,212
York,Crawford,346
York,Bedford,151
York,Northampton,151
York,Clarion,268
York,Washington,302
Beaver,Adams,280
Beaver,Berks,375
Beaver,Cambria,139
Beaver,Sullivan,333
Beaver,Mercer,69
Beaver,Erie,147
Beaver,Lebanon,331
Beaver,Fayette,103
Beaver,Potter,236
Beaver,Chester,398
Beaver,Cumberland,267
Beaver,Montour,313
Beaver,Susquehanna,401
Beaver,Greene,92
Beaver,Warren,154
Beaver,Allegheny,39
Beaver,Blair,170
Beaver,Venango,94
Beaver,Fulton,207
Beaver,Lehigh,401
Beaver,Dauphin,303
Beaver,Juniata,249
Beaver,Wyoming,375
Beaver,Butler,44
Beaver,Schuylkill,348
Beaver,Centre,214
Beaver,McKean,194
Beaver,Armstrong,75
Beaver,Jefferson,124
Beaver,Lackawanna,407
Beaver,Montgomery,425
Beaver,Westmoreland,85
Beaver,Clinton,236
Beaver,Delaware,428
Beaver,Monroe,424
Beaver,Union,279
Beaver,Franklin,238
Beaver,Carbon,392
Beaver,Snyder,277
Beaver,Perry,263
Beaver,Bradford,344
Beaver,Luzerne,371
Beaver,York,319
Beaver,Lancaster,355
Beaver,Northumberland,307
Beaver,Wayne,436
Beaver,Columbia,334
Beaver,Philadelphia,449
Beaver,Clearfield,162
Beaver,Indiana,106
Beaver,Cameron,198
Beaver,Mifflin,231
Beaver,Lycoming,285
Beaver,Forest,131
Beaver,Somerset,137
Beaver,Elk,165
Beaver,Bucks,445
Beaver,Tioga,286
Beaver,Lawrence,34
Beaver,Huntingdon,202
Beaver,Pike,453
Beaver,Crawford,113
Beaver,Bedford,174
Beaver,Northampton,425
Beaver,Clarion,96
Beaver,Washington,55
Lancaster,Adams,85
Lancaster,Berks,49
Lancaster,Cambria,215
Lancaster,Sullivan,157
Lancaster,Mercer,366
Lancaster,Erie,385
Lancaster,Lebanon,39
Lancaster,Fayette,290
Lancaster,Potter,234
Lancaster,Chester,43
Lancaster,Cumberland,87
Lancaster,Montour,114
Lancaster,Susquehanna,200
Lancaster,Greene,340
Lancaster,Warren,321
Lancaster,Allegheny,321
Lancaster,Blair,184
Lancaster,Venango,332
Lancaster,Fulton,159
Lancaster,Lehigh,83
Lancaster,Dauphin,61
Lancaster,Juniata,112
Lancaster,Wyoming,164
Lancaster,Butler,325
Lancaster,Schuylkill,73
Lancaster,Centre,164
Lancaster,McKean,276
Lancaster,Armstrong,286
Lancaster,Jefferson,262
Lancaster,Lackawanna,163
Lancaster,Montgomery,77
Lancaster,Westmoreland,275
Lancaster,Clinton,176
Lancaster,Delaware,73
Lancaster,Monroe,136
Lancaster,Union,123
Lancaster,Franklin,126
Lancaster,Carbon,107
Lancaster,Snyder,106
Lancaster,Perry,94
Lancaster,Bradford,195
Lancaster,Luzerne,127
Lancaster,York,42
Lancaster,Beaver,355
Lancaster,Northumberland,97
Lancaster,Wayne,195
Lancaster,Columbia,112
Lancaster,Philadelphia,94
Lancaster,Clearfield,216
Lancaster,Indiana,250
Lancaster,Cameron,226
Lancaster,Mifflin,132
Lancaster,Lycoming,159
Lancaster,Forest,300
Lancaster,Somerset,237
Lancaster,Elk,254
Lancaster,Bucks,102
Lancaster,Tioga,209
Lancaster,Lawrence,361
Lancaster,Huntingdon,152
Lancaster,Pike,176
Lancaster,Crawford,372
Lancaster,Bedford,191
Lancaster,Northampton,111
Lancaster,Clarion,297
Lancaster,Washington,341
Northumberland,Adams,117
Northumberland,Berks,81
Northumberland,Cambria,174
Northumberland,Sullivan,68
Northumberland,Mercer,302
Northumberland,Erie,305
Northumberland,Lebanon,57
Northumberland,Fayette,270
Northumberland,Potter,140
Northumberland,Chester,126
Northumberland,Cumberland,89
Northumberland,Montour,20
Northumberland,Susquehanna,131
Northumberland,Greene,318
Northumberland,Warren,240
Northumberland,Allegheny,280
Northumberland,Blair,144
Northumberland,Venango,263
Northumberland,Fulton,157
Northumberland,Lehigh,97
Northumberland,Dauphin,48
Northumberland,Juniata,68
Northumberland,Wyoming,94
Northumberland,Butler,270
Northumberland,Schuylkill,44
Northumberland,Centre,94
Northumberland,McKean,188
Northumberland,Armstrong,232
Northumberland,Jefferson,195
Northumberland,Lackawanna,113
Northumberland,Montgomery,133
Northumberland,Westmoreland,241
Northumberland,Clinton,88
Northumberland,Delaware,151
Northumberland,Monroe,117
Northumberland,Union,32
Northumberland,Franklin,133
Northumberland,Carbon,84
Northumberland,Snyder,31
Northumberland,Perry,67
Northumberland,Bradford,105
Northumberland,Luzerne,70
Northumberland,York,103
Northumberland,Beaver,307
Northumberland,Lancaster,97
Northumberland,Wayne,147
Northumberland,Columbia,33
Northumberland,Philadelphia,163
Northumberland,Clearfield,149
Northumberland,Indiana,202
Northumberland,Cameron,141
Northumberland,Mifflin,81
Northumberland,Lycoming,62
Northumberland,Forest,224
Northumberland,Somerset,219
Northumberland,Elk,174
Northumberland,Bucks,147
Northumberland,Tioga,112
Northumberland,Lawrence,305
Northumberland,Huntingdon,117
Northumberland,Pike,150
Northumberland,Crawford,299
Northumberland,Bedford,177
Northumberland,Northampton,118
Northumberland,Clarion,231
Northumberland,Washington,308
Wayne,Adams,255
Wayne,Berks,146
Wayne,Cambria,314
Wayne,Sullivan,103
Wayne,Mercer,415
Wayne,Erie,395
Wayne,Lebanon,172
Wayne,Fayette,414
Wayne,Potter,216
Wayne,Chester,189
Wayne,Cumberland,233
Wayne,Montour,133
Wayne,Susquehanna,45
Wayne,Greene,461
Wayne,Warren,331
Wayne,Allegheny,414
Wayne,Blair,286
Wayne,Venango,373
Wayne,Fulton,304
Wayne,Lehigh,117
Wayne,Dauphin,184
Wayne,Juniata,215
Wayne,Wyoming,61
Wayne,Butler,394
Wayne,Schuylkill,129
Wayne,Centre,226
Wayne,McKean,272
Wayne,Armstrong,361
Wayne,Jefferson,314
Wayne,Lackawanna,34
Wayne,Montgomery,159
Wayne,Westmoreland,380
Wayne,Clinton,200
Wayne,Delaware,192
Wayne,Monroe,65
Wayne,Union,165
Wayne,Franklin,279
Wayne,Carbon,87
Wayne,Snyder,177
Wayne,Perry,214
Wayne,Bradford,102
Wayne,Luzerne,77
Wayne,York,226
Wayne,Beaver,436
Wayne,Lancaster,195
Wayne,Northumberland,147
Wayne,Columbia,114
Wayne,Philadelphia,183
Wayne,Clearfield,275
Wayne,Indiana,336
Wayne,Cameron,243
Wayne,Mifflin,225
Wayne,Lycoming,151
Wayne,Forest,328
Wayne,Somerset,365
Wayne,Elk,280
Wayne,Bucks,146
Wayne,Tioga,163
Wayne,Lawrence,427
Wayne,Huntingdon,263
Wayne,Pike,41
Wayne,Crawford,400
Wayne,Bedford,324
Wayne,Northampton,99
Wayne,Clarion,348
Wayne,Washington,446
Columbia,Adams,147
Columbia,Berks,80
Columbia,Cambria,204
Columbia,Sullivan,45
Columbia,Mercer,324
Columbia,Erie,320
Columbia,Lebanon,75
Columbia,Fayette,302
Columbia,Potter,146
Columbia,Chester,131
Columbia,Cumberland,121
Columbia,Montour,21
Columbia,Susquehanna,99
Columbia,Greene,350
Columbia,Warren,254
Columbia,Allegheny,308
Columbia,Blair,175
Columbia,Venango,283
Columbia,Fulton,190
Columbia,Lehigh,83
Columbia,Dauphin,76
Columbia,Juniata,101
Columbia,Wyoming,61
Columbia,Butler,295
Columbia,Schuylkill,41
Columbia,Centre,119
Columbia,McKean,199
Columbia,Armstrong,259
Columbia,Jefferson,217
Columbia,Lackawanna,79
Columbia,Montgomery,128
Columbia,Westmoreland,271
Columbia,Clinton,105
Columbia,Delaware,151
Columbia,Monroe,89
Columbia,Union,55
Columbia,Franklin,167
Columbia,Carbon,60
Columbia,Snyder,63
Columbia,Perry,101
Columbia,Bradford,82
Columbia,Luzerne,37
Columbia,York,127
Columbia,Beaver,334
Columbia,Lancaster,112
Columbia,Northumberland,33
Columbia,Wayne,114
Columbia,Philadelphia,158
Columbia,Clearfield,173
Columbia,Indiana,230
Columbia,Cameron,156
Columbia,Mifflin,112
Columbia,Lycoming,64
Columbia,Forest,242
Columbia,Somerset,252
Columbia,Elk,192
Columbia,Bucks,135
Columbia,Tioga,107
Columbia,Lawrence,330
Columbia,Huntingdon,150
Columbia,Pike,119
Columbia,Crawford,317
Columbia,Bedford,210
Columbia,Northampton,98
Columbia,Clarion,253
Columbia,Washington,338
Philadelphia,Adams,178
Philadelphia,Berks,81
Philadelphia,Cambria,309
Philadelphia,Sullivan,197
Philadelphia,Mercer,456
Philadelphia,Erie,467
Philadelphia,Lebanon,119
Philadelphia,Fayette,385
Philadelphia,Potter,302
Philadelphia,Chester,52
Philadelphia,Cumberland,182
Philadelphia,Montour,172
Philadelphia,Susquehanna,209
Philadelphia,Greene,435
Philadelphia,Warren,402
Philadelphia,Allegheny,415
Philadelphia,Blair,278
Philadelphia,Venango,420
Philadelphia,Fulton,254
Philadelphia,Lehigh,78
Philadelphia,Dauphin,146
Philadelphia,Juniata,201
Philadelphia,Wyoming,183
Philadelphia,Butler,417
Philadelphia,Schuylkill,120
Philadelphia,Centre,249
Philadelphia,McKean,351
Philadelphia,Armstrong,378
Philadelphia,Jefferson,350
Philadelphia,Lackawanna,164
Philadelphia,Montgomery,30
Philadelphia,Westmoreland,370
Philadelphia,Clinton,251
Philadelphia,Delaware,24
Philadelphia,Monroe,118
Philadelphia,Union,194
Philadelphia,Franklin,220
Philadelphia,Carbon,112
Philadelphia,Snyder,184
Philadelphia,Perry,185
Philadelphia,Bradford,229
Philadelphia,Luzerne,148
Philadelphia,York,135
Philadelphia,Beaver,449
Philadelphia,Lancaster,94
Philadelphia,Northumberland,163
Philadelphia,Wayne,183
Philadelphia,Columbia,158
Philadelphia,Clearfield,303
Philadelphia,Indiana,343
Philadelphia,Cameron,304
Philadelphia,Mifflin,221
Philadelphia,Lycoming,220
Philadelphia,Forest,384
Philadelphia,Somerset,332
Philadelphia,Elk,335
Philadelphia,Bucks,36
Philadelphia,Tioga,265
Philadelphia,Lawrence,453
Philadelphia,Huntingdon,246
Philadelphia,Pike,147
Philadelphia,Crawford,458
Philadelphia,Bedford,286
Philadelphia,Northampton,84
Philadelphia,Clarion,385
Philadelphia,Washington,436
Clearfield,Adams,164
Clearfield,Berks,224
Clearfield,Cambria,60
Clearfield,Sullivan,171
Clearfield,Mercer,153
Clearfield,Erie,171
Clearfield,Lebanon,184
Clearfield,Fayette,156
Clearfield,Potter,95
Clearfield,Chester,257
Clearfield,Cumberland,137
Clearfield,Montour,152
Clearfield,Susquehanna,241
Clearfield,Greene,195
Clearfield,Warren,112
Clearfield,Allegheny,140
Clearfield,Blair,58
Clearfield,Venango,116
Clearfield,Fulton,123
Clearfield,Lehigh,246
Clearfield,Dauphin,157
Clearfield,Juniata,104
Clearfield,Wyoming,213
Clearfield,Butler,121
Clearfield,Schuylkill,192
Clearfield,Centre,55
Clearfield,McKean,90
Clearfield,Armstrong,86
Clearfield,Jefferson,46
Clearfield,Lackawanna,244
Clearfield,Montgomery,276
Clearfield,Westmoreland,113
Clearfield,Clinton,74
Clearfield,Delaware,286
Clearfield,Monroe,263
Clearfield,Union,118
Clearfield,Franklin,135
Clearfield,Carbon,232
Clearfield,Snyder,120
Clearfield,Perry,122
Clearfield,Bradford,185
Clearfield,Luzerne,209
Clearfield,York,190
Clearfield,Beaver,162
Clearfield,Lancaster,216
Clearfield,Northumberland,149
Clearfield,Wayne,275
Clearfield,Columbia,173
Clearfield,Philadelphia,303
Clearfield,Indiana,64
Clearfield,Cameron,53
Clearfield,Mifflin,84
Clearfield,Lycoming,124
Clearfield,Forest,85
Clearfield,Somerset,123
Clearfield,Elk,49
Clearfield,Bucks,293
Clearfield,Tioga,133
Clearfield,Lawrence,156
Clearfield,Huntingdon,77
Clearfield,Pike,291
Clearfield,Crawford,156
Clearfield,Bedford,110
Clearfield,Northampton,267
Clearfield,Clarion,82
Clearfield,Washington,175
Indiana,Adams,181
Indiana,Berks,269
Indiana,Cambria,36
Indiana,Sullivan,234
Indiana,Mercer,121
Indiana,Erie,168
Indiana,Lebanon,225
Indiana,Fayette,94
Indiana,Potter,157
Indiana,Chester,293
Indiana,Cumberland,163
Indiana,Montour,209
Indiana,Susquehanna,304
Indiana,Greene,131
Indiana,Warren,130
Indiana,Allegheny,78
Indiana,Blair,65
Indiana,Venango,100
Indiana,Fulton,116
Indiana,Lehigh,295
Indiana,Dauphin,197
Indiana,Juniata,143
Indiana,Wyoming,275
Indiana,Butler,75
Indiana,Schuylkill,242
Indiana,Centre,111
Indiana,McKean,135
Indiana,Armstrong,36
Indiana,Jefferson,53
Indiana,Lackawanna,305
Indiana,Montgomery,319
Indiana,Westmoreland,49
Indiana,Clinton,138
Indiana,Delaware,323
Indiana,Monroe,319
Indiana,Union,174
Indiana,Franklin,141
Indiana,Carbon,286
Indiana,Snyder,171
Indiana,Perry,157
Indiana,Bradford,250
Indiana,Luzerne,267
Indiana,York,217
Indiana,Beaver,106
Indiana,Lancaster,250
Indiana,Northumberland,202
Indiana,Wayne,336
Indiana,Columbia,230
Indiana,Philadelphia,343
Indiana,Clearfield,64
Indiana,Cameron,114
Indiana,Mifflin,124
Indiana,Lycoming,186
Indiana,Forest,96
Indiana,Somerset,75
Indiana,Elk,93
Indiana,Bucks,339
Indiana,Tioga,197
Indiana,Lawrence,111
Indiana,Huntingdon,97
Indiana,Pike,349
Indiana,Crawford,143
Indiana,Bedford,88
Indiana,Northampton,319
Indiana,Clarion,66
Indiana,Washington,110
Cameron,Adams,192
Cameron,Berks,222
Cameron,Cambria,113
Cameron,Sullivan,141
Cameron,Mercer,172
Cameron,Erie,164
Cameron,Lebanon,189
Cameron,Fayette,208
Cameron,Potter,42
Cameron,Chester,263
Cameron,Cumberland,161
Cameron,Montour,137
Cameron,Susquehanna,204
Cameron,Greene,245
Cameron,Warren,98
Cameron,Allegheny,184
Cameron,Blair,106
Cameron,Venango,129
Cameron,Fulton,168
Cameron,Lehigh,237
Cameron,Dauphin,165
Cameron,Juniata,121
Cameron,Wyoming,183
Cameron,Butler,154
Cameron,Schuylkill,185
Cameron,Centre,66
Cameron,McKean,51
Cameron,Armstrong,126
Cameron,Jefferson,74
Cameron,Lackawanna,217
Cameron,Montgomery,275
Cameron,Westmoreland,164
Cameron,Clinton,52
Cameron,Delaware,291
Cameron,Monroe,244
Cameron,Union,109
Cameron,Franklin,172
Cameron,Carbon,217
Cameron,Snyder,120
Cameron,Perry,140
Cameron,Bradford,146
Cameron,Luzerne,187
Cameron,York,209
Cameron,Beaver,198
Cameron,Lancaster,226
Cameron,Northumberland,141
Cameron,Wayne,243
Cameron,Columbia,156
Cameron,Philadelphia,304
Cameron,Clearfield,53
Cameron,Indiana,114
Cameron,Mifflin,104
Cameron,Lycoming,95
Cameron,Forest,86
Cameron,Somerset,177
Cameron,Elk,36
Cameron,Bucks,288
Cameron,Tioga,87
Cameron,Lawrence,185
Cameron,Huntingdon,115
Cameron,Pike,265
Cameron,Crawford,161
Cameron,Bedford,160
Cameron,Northampton,254
Cameron,Clarion,105
Cameron,Washington,221
Mifflin,Adams,88
Mifflin,Berks,144
Mifflin,Cambria,94
Mifflin,Sullivan,131
Mifflin,Mercer,235
Mifflin,Erie,254
Mifflin,Lebanon,101
Mifflin,Fayette,189
Mifflin,Potter,127
Mifflin,Chester,173
Mifflin,Cumberland,57
Mifflin,Montour,92
Mifflin,Susquehanna,203
Mifflin,Greene,237
Mifflin,Warren,192
Mifflin,Allegheny,201
Mifflin,Blair,63
Mifflin,Venango,200
Mifflin,Fulton,87
Mifflin,Lehigh,170
Mifflin,Dauphin,74
Mifflin,Juniata,20
Mifflin,Wyoming,168
Mifflin,Butler,196
Mifflin,Schuylkill,118
Mifflin,Centre,38
Mifflin,McKean,155
Mifflin,Armstrong,158
Mifflin,Jefferson,129
Mifflin,Lackawanna,192
Mifflin,Montgomery,195
Mifflin,Westmoreland,160
Mifflin,Clinton,68
Mifflin,Delaware,203
Mifflin,Monroe,198
Mifflin,Union,61
Mifflin,Franklin,76
Mifflin,Carbon,164
Mifflin,Snyder,49
Mifflin,Perry,38
Mifflin,Bradford,160
Mifflin,Luzerne,150
Mifflin,York,108
Mifflin,Beaver,231
Mifflin,Lancaster,132
Mifflin,Northumberland,81
Mifflin,Wayne,225
Mifflin,Columbia,112
Mifflin,Philadelphia,221
Mifflin,Clearfield,84
Mifflin,Indiana,124
Mifflin,Cameron,104
Mifflin,Lycoming,93
Mifflin,Forest,168
Mifflin,Somerset,139
Mifflin,Elk,125
Mifflin,Bucks,214
Mifflin,Tioga,132
Mifflin,Lawrence,233
Mifflin,Huntingdon,37
Mifflin,Pike,231
Mifflin,Crawford,240
Mifflin,Bedford,100
Mifflin,Northampton,195
Mifflin,Clarion,165
Mifflin,Washington,228
Lycoming,Adams,164
Lycoming,Berks,140
Lycoming,Cambria,168
Lycoming,Sullivan,47
Lycoming,Mercer,267
Lycoming,Erie,257
Lycoming,Lebanon,119
Lycoming,Fayette,269
Lycoming,Potter,82
Lycoming,Chester,188
Lycoming,Cumberland,131
Lycoming,Montour,48
Lycoming,Susquehanna,118
Lycoming,Greene,314
Lycoming,Warren,191
Lycoming,Allegheny,264
Lycoming,Blair,143
Lycoming,Venango,225
Lycoming,Fulton,180
Lycoming,Lehigh,147
Lycoming,Dauphin,105
Lycoming,Juniata,94
Lycoming,Wyoming,89
Lycoming,Butler,243
Lycoming,Schuylkill,100
Lycoming,Centre,79
Lycoming,McKean,135
Lycoming,Armstrong,210
Lycoming,Jefferson,163
Lycoming,Lackawanna,122
Lycoming,Montgomery,190
Lycoming,Westmoreland,232
Lycoming,Clinton,49
Lycoming,Delaware,211
Lycoming,Monroe,148
Lycoming,Union,42
Lycoming,Franklin,166
Lycoming,Carbon,123
Lycoming,Snyder,63
Lycoming,Perry,105
Lycoming,Bradford,67
Lycoming,Luzerne,92
Lycoming,York,160
Lycoming,Beaver,285
Lycoming,Lancaster,159
Lycoming,Northumberland,62
Lycoming,Wayne,151
Lycoming,Columbia,64
Lycoming,Philadelphia,220
Lycoming,Clearfield,124
Lycoming,Indiana,186
Lycoming,Cameron,95
Lycoming,Mifflin,93
Lycoming,Forest,182
Lycoming,Somerset,225
Lycoming,Elk,132
Lycoming,Bucks,199
Lycoming,Tioga,50
Lycoming,Lawrence,277
Lycoming,Huntingdon,128
Lycoming,Pike,170
Lycoming,Crawford,256
Lycoming,Bedford,191
Lycoming,Northampton,161
Lycoming,Clarion,198
Lycoming,Washington,297
Forest,Adams,249
Forest,Berks,303
Forest,Cambria,121
Forest,Sullivan,227
Forest,Mercer,88
Forest,Erie,85
Forest,Lebanon,266
Forest,Fayette,180
Forest,Potter,114
Forest,Chester,340
Forest,Cumberland,223
Forest,Montour,222
Forest,Susquehanna,288
Forest,Greene,202
Forest,Warren,33
Forest,Allegheny,132
Forest,Blair,136
Forest,Venango,45
Forest,Fulton,200
Forest,Lehigh,321
Forest,Dauphin,239
Forest,Juniata,188
Forest,Wyoming,268
Forest,Butler,87
Forest,Schuylkill,268
Forest,Centre,135
Forest,McKean,64
Forest,Armstrong,80
Forest,Jefferson,46
Forest,Lackawanna,302
Forest,Montgomery,356
Forest,Westmoreland,135
Forest,Clinton,137
Forest,Delaware,369
Forest,Monroe,330
Forest,Union,192
Forest,Franklin,217
Forest,Carbon,302
Forest,Snyder,199
Forest,Perry,207
Forest,Bradford,228
Forest,Luzerne,274
Forest,York,276
Forest,Beaver,131
Forest,Lancaster,300
Forest,Northumberland,224
Forest,Wayne,328
Forest,Columbia,242
Forest,Philadelphia,384
Forest,Clearfield,85
Forest,Indiana,96
Forest,Cameron,86
Forest,Mifflin,168
Forest,Lycoming,182
Forest,Somerset,172
Forest,Elk,50
Forest,Bucks,371
Forest,Tioga,167
Forest,Lawrence,108
Forest,Huntingdon,161
Forest,Pike,352
Forest,Crawford,75
Forest,Bedford,178
Forest,Northampton,340
Forest,Clarion,38
Forest,Washington,169
Somerset,Adams,155
Somerset,Berks,268
Somerset,Cambria,63
Somerset,Sullivan,268
Somerset,Mercer,180
Somerset,Erie,240
Somerset,Lebanon,223
Somerset,Fayette,53
Somerset,Potter,218
Somerset,Chester,279
Somerset,Cumberland,151
Somerset,Montour,232
Somerset,Susquehanna,340
Somerset,Greene,103
Somerset,Warren,205
Somerset,Allegheny,98
Somerset,Blair,81
Somerset,Venango,170
Somerset,Fulton,78
Somerset,Lehigh,300
Somerset,Dauphin,198
Somerset,Juniata,151
Somerset,Wyoming,307
Somerset,Butler,128
Somerset,Schuylkill,252
Somerset,Centre,146
Somerset,McKean,207
Somerset,Armstrong,100
Somerset,Jefferson,128
Somerset,Lackawanna,331
Somerset,Montgomery,313
Somerset,Westmoreland,53
Somerset,Clinton,182
Somerset,Delaware,309
Somerset,Monroe,335
Somerset,Union,199
Somerset,Franklin,111
Somerset,Carbon,300
Somerset,Snyder,188
Somerset,Perry,158
Somerset,Bradford,292
Somerset,Luzerne,290
Somerset,York,197
Somerset,Beaver,137
Somerset,Lancaster,237
Somerset,Northumberland,219
Somerset,Wayne,365
Somerset,Columbia,252
Somerset,Philadelphia,332
Somerset,Clearfield,123
Somerset,Indiana,75
Somerset,Cameron,177
Somerset,Mifflin,139
Somerset,Lycoming,225
Somerset,Forest,172
Somerset,Elk,164
Somerset,Bucks,336
Somerset,Tioga,249
Somerset,Lawrence,158
Somerset,Huntingdon,102
Somerset,Pike,370
Somerset,Crawford,211
Somerset,Bedford,46
Somerset,Northampton,327
Somerset,Clarion,139
Somerset,Washington,106
Elk,Adams,210
Elk,Berks,254
Elk,Cambria,104
Elk,Sullivan,178
Elk,Mercer,135
Elk,Erie,131
Elk,Lebanon,218
Elk,Fayette,187
Elk,Potter,71
Elk,Chester,292
Elk,Cumberland,182
Elk,Montour,172
Elk,Susquehanna,241
Elk,Greene,219
Elk,Warren,67
Elk,Allegheny,155
Elk,Blair,107
Elk,Venango,93
Elk,Fulton,172
Elk,Lehigh,271
Elk,Dauphin,193
Elk,Juniata,144
Elk,Wyoming,220
Elk,Butler,120
Elk,Schuylkill,219
Elk,Centre,89
Elk,McKean,42
Elk,Armstrong,97
Elk,Jefferson,44
Elk,Lackawanna,253
Elk,Montgomery,307
Elk,Westmoreland,142
Elk,Clinton,87
Elk,Delaware,321
Elk,Monroe,280
Elk,Union,142
Elk,Franklin,184
Elk,Carbon,252
Elk,Snyder,151
Elk,Perry,163
Elk,Bradford,182
Elk,Luzerne,224
Elk,York,233
Elk,Beaver,165
Elk,Lancaster,254
Elk,Northumberland,174
Elk,Wayne,280
Elk,Columbia,192
Elk,Philadelphia,335
Elk,Clearfield,49
Elk,Indiana,93
Elk,Cameron,36
Elk,Mifflin,125
Elk,Lycoming,132
Elk,Forest,50
Elk,Somerset,164
Elk,Bucks,321
Elk,Tioga,122
Elk,Lawrence,149
Elk,Huntingdon,125
Elk,Pike,302
Elk,Crawford,125
Elk,Bedford,158
Elk,Northampton,290
Elk,Clarion,69
Elk,Washington,192
Bucks,Adams,187
Bucks,Berks,70
Bucks,Cambria,306
Bucks,Sullivan,170
Bucks,Mercer,447
Bucks,Erie,452
Bucks,Lebanon,114
Bucks,Fayette,389
Bucks,Potter,281
Bucks,Chester,67
Bucks,Cumberland,184
Bucks,Montour,152
Bucks,Susquehanna,174
Bucks,Greene,439
Bucks,Warren,386
Bucks,Allegheny,413
Bucks,Blair,275
Bucks,Venango,409
Bucks,Fulton,259
Bucks,Lehigh,51
Bucks,Dauphin,141
Bucks,Juniata,195
Bucks,Wyoming,151
Bucks,Butler,411
Bucks,Schuylkill,102
Bucks,Centre,238
Bucks,McKean,333
Bucks,Armstrong,372
Bucks,Jefferson,340
Bucks,Lackawanna,129
Bucks,Montgomery,26
Bucks,Westmoreland,370
Bucks,Clinton,235
Bucks,Delaware,52
Bucks,Monroe,82
Bucks,Union,179
Bucks,Franklin,227
Bucks,Carbon,82
Bucks,Snyder,172
Bucks,Perry,182
Bucks,Bradford,200
Bucks,Luzerne,119
Bucks,York,144
Bucks,Beaver,445
Bucks,Lancaster,102
Bucks,Northumberland,147
Bucks,Wayne,146
Bucks,Columbia,135
Bucks,Philadelphia,36
Bucks,Clearfield,293
Bucks,Indiana,339
Bucks,Cameron,288
Bucks,Mifflin,214
Bucks,Lycoming,199
Bucks,Forest,371
Bucks,Somerset,336
Bucks,Elk,321
Bucks,Tioga,240
Bucks,Lawrence,447
Bucks,Huntingdon,243
Bucks,Pike,110
Bucks,Crawford,446
Bucks,Bedford,290
Bucks,Northampton,49
Bucks,Clarion,376
Bucks,Washington,437
Tioga,Adams,211
Tioga,Berks,187
Tioga,Cambria,187
Tioga,Sullivan,71
Tioga,Mercer,255
Tioga,Erie,232
Tioga,Lebanon,169
Tioga,Fayette,288
Tioga,Potter,53
Tioga,Chester,236
Tioga,Cumberland,178
Tioga,Montour,96
Tioga,Susquehanna,121
Tioga,Greene,328
Tioga,Warren,168
Tioga,Allegheny,271
Tioga,Blair,169
Tioga,Venango,212
Tioga,Fulton,217
Tioga,Lehigh,189
Tioga,Dauphin,155
Tioga,Juniata,138
Tioga,Wyoming,107
Tioga,Butler,242
Tioga,Schuylkill,146
Tioga,Centre,106
Tioga,McKean,109
Tioga,Armstrong,213
Tioga,Jefferson,162
Tioga,Lackawanna,142
Tioga,Montgomery,235
Tioga,Westmoreland,247
Tioga,Clinton,68
Tioga,Delaware,258
Tioga,Monroe,178
Tioga,Union,91
Tioga,Franklin,208
Tioga,Carbon,160
Tioga,Snyder,112
Tioga,Perry,152
Tioga,Bradford,61
Tioga,Luzerne,124
Tioga,York,210
Tioga,Beaver,286
Tioga,Lancaster,209
Tioga,Northumberland,112
Tioga,Wayne,163
Tioga,Columbia,107
Tioga,Philadelphia,265
Tioga,Clearfield,133
Tioga,Indiana,197
Tioga,Cameron,87
Tioga,Mifflin,132
Tioga,Lycoming,50
Tioga,Forest,167
Tioga,Somerset,249
Tioga,Elk,122
Tioga,Bucks,240
Tioga,Lawrence,271
Tioga,Huntingdon,162
Tioga,Pike,191
Tioga,Crawford,237
Tioga,Bedford,221
Tioga,Northampton,198
Tioga,Clarion,192
Tioga,Washington,307
Lawrence,Adams,292
Lawrence,Berks,377
Lawrence,Cambria,147
Lawrence,Sullivan,324
Lawrence,Mercer,34
Lawrence,Erie,113
Lawrence,Lebanon,334
Lawrence,Fayette,132
Lawrence,Potter,220
Lawrence,Chester,404
Lawrence,Cumberland,275
Lawrence,Montour,308
Lawrence,Susquehanna,390
Lawrence,Greene,126
Lawrence,Warren,127
Lawrence,Allegheny,65
Lawrence,Blair,177
Lawrence,Venango,66
Lawrence,Fulton,222
Lawrence,Lehigh,401
Lawrence,Dauphin,307
Lawrence,Juniata,252
Lawrence,Wyoming,366
Lawrence,Butler,36
Lawrence,Schuylkill,348
Lawrence,Centre,211
Lawrence,McKean,173
Lawrence,Armstrong,75
Lawrence,Jefferson,113
Lawrence,Lackawanna,399
Lawrence,Montgomery,429
Lawrence,Westmoreland,105
Lawrence,Clinton,227
Lawrence,Delaware,434
Lawrence,Monroe,420
Lawrence,Union,275
Lawrence,Franklin,251
Lawrence,Carbon,389
Lawrence,Snyder,276
Lawrence,Perry,268
Lawrence,Bradford,331
Lawrence,Luzerne,365
Lawrence,York,328
Lawrence,Beaver,34
Lawrence,Lancaster,361
Lawrence,Northumberland,305
Lawrence,Wayne,427
Lawrence,Columbia,330
Lawrence,Philadelphia,453
Lawrence,Clearfield,156
Lawrence,Indiana,111
Lawrence,Cameron,185
Lawrence,Mifflin,233
Lawrence,Lycoming,277
Lawrence,Forest,108
Lawrence,Somerset,158
Lawrence,Elk,149
Lawrence,Bucks,447
Lawrence,Tioga,271
Lawrence,Huntingdon,209
Lawrence,Pike,446
Lawrence,Crawford,79
Lawrence,Bedford,190
Lawrence,Northampton,424
Lawrence,Clarion,79
Lawrence,Washington,89
Huntingdon,Adams,88
Huntingdon,Berks,174
Huntingdon,Cambria,63
Huntingdon,Sullivan,168
Huntingdon,Mercer,215
Huntingdon,Erie,245
Huntingdon,Lebanon,129
Huntingdon,Fayette,152
Huntingdon,Potter,147
Huntingdon,Chester,195
Huntingdon,Cumberland,66
Huntingdon,Montour,130
Huntingdon,Susquehanna,240
Huntingdon,Greene,201
Huntingdon,Warren,189
Huntingdon,Allegheny,170
Huntingdon,Blair,32
Huntingdon,Venango,185
Huntingdon,Fulton,55
Huntingdon,Lehigh,203
Huntingdon,Dauphin,102
Huntingdon,Juniata,50
Huntingdon,Wyoming,205
Huntingdon,Butler,172
Huntingdon,Schuylkill,152
Huntingdon,Centre,57
Huntingdon,McKean,162
Huntingdon,Armstrong,133
Huntingdon,Jefferson,117
Huntingdon,Lackawanna,229
Huntingdon,Montgomery,223
Huntingdon,Westmoreland,126
Huntingdon,Clinton,95
Huntingdon,Delaware,226
Huntingdon,Monroe,234
Huntingdon,Union,98
Huntingdon,Franklin,58
Huntingdon,Carbon,200
Huntingdon,Snyder,86
Huntingdon,Perry,61
Huntingdon,Bradford,196
Huntingdon,Luzerne,188
Huntingdon,York,120
Huntingdon,Beaver,202
Huntingdon,Lancaster,152
Huntingdon,Northumberland,117
Huntingdon,Wayne,263
Huntingdon,Columbia,150
Huntingdon,Philadelphia,246
Huntingdon,Clearfield,77
Huntingdon,Indiana,97
Huntingdon,Cameron,115
Huntingdon,Mifflin,37
Huntingdon,Lycoming,128
Huntingdon,Forest,161
Huntingdon,Somerset,102
Huntingdon,Elk,125
Huntingdon,Bucks,243
Huntingdon,Tioga,162
Huntingdon,Lawrence,209
Huntingdon,Pike,268
Huntingdon,Crawford,227
Huntingdon,Bedford,62
Huntingdon,Northampton,229
Huntingdon,Clarion,149
Huntingdon,Washington,194
Pike,Adams,246
Pike,Berks,126
Pike,Cambria,324
Pike,Sullivan,124
Pike,Mercer,437
Pike,Erie,423
Pike,Lebanon,161
Pike,Fayette,421
Pike,Potter,243
Pike,Chester,162
Pike,Cumberland,228
Pike,Montour,141
Pike,Susquehanna,84
Pike,Greene,469
Pike,Warren,358
Pike,Allegheny,428
Pike,Blair,294
Pike,Venango,395
Pike,Fulton,304
Pike,Lehigh,92
Pike,Dauphin,178
Pike,Juniata,218
Pike,Wyoming,84
Pike,Butler,412
Pike,Schuylkill,121
Pike,Centre,238
Pike,McKean,299
Pike,Armstrong,377
Pike,Jefferson,333
Pike,Lackawanna,49
Pike,Montgomery,127
Pike,Westmoreland,391
Pike,Clinton,218
Pike,Delaware,160
Pike,Monroe,39
Pike,Union,175
Pike,Franklin,275
Pike,Carbon,73
Pike,Snyder,182
Pike,Perry,214
Pike,Bradford,133
Pike,Luzerne,82
Pike,York,212
Pike,Beaver,453
Pike,Lancaster,176
Pike,Northumberland,150
Pike,Wayne,41
Pike,Columbia,119
Pike,Philadelphia,147
Pike,Clearfield,291
Pike,Indiana,349
Pike,Cameron,265
Pike,Mifflin,231
Pike,Lycoming,170
Pike,Forest,352
Pike,Somerset,370
Pike,Elk,302
Pike,Bucks,110
Pike,Tioga,191
Pike,Lawrence,446
Pike,Huntingdon,268
Pike,Crawford,425
Pike,Bedford,327
Pike,Northampton,68
Pike,Clarion,368
Pike,Washington,458
Crawford,Adams,316
Crawford,Berks,378
Crawford,Cambria,176
Crawford,Sullivan,301
Crawford,Mercer,44
Crawford,Erie,34
Crawford,Lebanon,340
Crawford,Fayette,199
Crawford,Potter,184
Crawford,Chester,413
Crawford,Cumberland,292
Crawford,Montour,297
Crawford,Susquehanna,358
Crawford,Greene,203
Crawford,Warren,70
Crawford,Allegheny,135
Crawford,Blair,199
Crawford,Venango,42
Crawford,Fulton,258
Crawford,Lehigh,396
Crawford,Dauphin,313
Crawford,Juniata,260
Crawford,Wyoming,341
Crawford,Butler,87
Crawford,Schuylkill,343
Crawford,Centre,209
Crawford,McKean,129
Crawford,Armstrong,110
Crawford,Jefferson,111
Crawford,Lackawanna,376
Crawford,Montgomery,431
Crawford,Westmoreland,161
Crawford,Clinton,212
Crawford,Delaware,443
Crawford,Monroe,405
Crawford,Union,267
Crawford,Franklin,280
Crawford,Carbon,378
Crawford,Snyder,274
Crawford,Perry,278
Crawford,Bradford,299
Crawford,Luzerne,349
Crawford,York,346
Crawford,Beaver,113
Crawford,Lancaster,372
Crawford,Northumberland,299
Crawford,Wayne,400
Crawford,Columbia,317
Crawford,Philadelphia,458
Crawford,Clearfield,156
Crawford,Indiana,143
Crawford,Cameron,161
Crawford,Mifflin,240
Crawford,Lycoming,256
Crawford,Forest,75
Crawford,Somerset,211
Crawford,Elk,125
Crawford,Bucks,446
Crawford,Tioga,237
Crawford,Lawrence,79
Crawford,Huntingdon,227
Crawford,Pike,425
Crawford,Bedford,231
Crawford,Northampton,415
Crawford,Clarion,79
Crawford,Washington,166
Bedford,Adams,109
Bedford,Berks,222
Bedford,Cambria,57
Bedford,Sullivan,231
Bedford,Mercer,207
Bedford,Erie,256
Bedford,Lebanon,177
Bedford,Fayette,99
Bedford,Potter,199
Bedford,Chester,233
Bedford,Cumberland,105
Bedford,Montour,191
Bedford,Susquehanna,303
Bedford,Greene,149
Bedford,Warren,211
Bedford,Allegheny,137
Bedford,Blair,54
Bedford,Venango,188
Bedford,Fulton,33
Bedford,Lehigh,254
Bedford,Dauphin,152
Bedford,Juniata,109
Bedford,Wyoming,267
Bedford,Butler,157
Bedford,Schuylkill,207
Bedford,Centre,115
Bedford,McKean,200
Bedford,Armstrong,122
Bedford,Jefferson,132
Bedford,Lackawanna,290
Bedford,Montgomery,266
Bedford,Westmoreland,90
Bedford,Clinton,153
Bedford,Delaware,263
Bedford,Monroe,291
Bedford,Union,161
Bedford,Franklin,66
Bedford,Carbon,256
Bedford,Snyder,147
Bedford,Perry,113
Bedford,Bradford,258
Bedford,Luzerne,248
Bedford,York,151
Bedford,Beaver,174
Bedford,Lancaster,191
Bedford,Northumberland,177
Bedford,Wayne,324
Bedford,Columbia,210
Bedford,Philadelphia,286
Bedford,Clearfield,110
Bedford,Indiana,88
Bedford,Cameron,160
Bedford,Mifflin,100
Bedford,Lycoming,191
Bedford,Forest,178
Bedford,Somerset,46
Bedford,Elk,158
Bedford,Bucks,290
Bedford,Tioga,221
Bedford,Lawrence,190
Bedford,Huntingdon,62
Bedford,Pike,327
Bedford,Crawford,231
Bedford,Northampton,282
Bedford,Clarion,153
Bedford,Washington,151
Northampton,Adams,189
Northampton,Berks,64
Northampton,Cambria,289
Northampton,Sullivan,127
Northampton,Mercer,420
Northampton,Erie,418
Northampton,Lebanon,106
Northampton,Fayette,380
Northampton,Potter,243
Northampton,Chester,94
Northampton,Cumberland,178
Northampton,Montour,117
Northampton,Susquehanna,125
Northampton,Greene,429
Northampton,Warren,352
Northampton,Allegheny,396
Northampton,Blair,258
Northampton,Venango,380
Northampton,Fulton,255
Northampton,Lehigh,28
Northampton,Dauphin,129
Northampton,Juniata,178
Northampton,Wyoming,103
Northampton,Butler,388
Northampton,Schuylkill,77
Northampton,Centre,212
Northampton,McKean,297
Northampton,Armstrong,351
Northampton,Jefferson,313
Northampton,Lackawanna,80
Northampton,Montgomery,60
Northampton,Westmoreland,355
Northampton,Clinton,203
Northampton,Delaware,93
Northampton,Monroe,34
Northampton,Union,149
Northampton,Franklin,224
Northampton,Carbon,38
Northampton,Snyder,148
Northampton,Perry,169
Northampton,Bradford,153
Northampton,Luzerne,74
Northampton,York,151
Northampton,Beaver,425
Northampton,Lancaster,111
Northampton,Northumberland,118
Northampton,Wayne,99
Northampton,Columbia,98
Northampton,Philadelphia,84
Northampton,Clearfield,267
Northampton,Indiana,319
Northampton,Cameron,254
Northampton,Mifflin,195
Northampton,Lycoming,161
Northampton,Forest,340
Northampton,Somerset,327
Northampton,Elk,290
Northampton,Bucks,49
Northampton,Tioga,198
Northampton,Lawrence,424
Northampton,Huntingdon,229
Northampton,Pike,68
Northampton,Crawford,415
Northampton,Bedford,282
Northampton,Clarion,349
Northampton,Washington,423
Clarion,Adams,237
Clarion,Berks,307
Clarion,Cambria,98
Clarion,Sullivan,245
Clarion,Mercer,71
Clarion,Erie,102
Clarion,Lebanon,266
Clarion,Fayette,142
Clarion,Potter,141
Clarion,Chester,338
Clarion,Cumberland,214
Clarion,Montour,232
Clarion,Susquehanna,310
Clarion,Greene,163
Clarion,Warren,70
Clarion,Allegheny,93
Clarion,Blair,119
Clarion,Venango,36
Clarion,Fulton,179
Clarion,Lehigh,328
Clarion,Dauphin,239
Clarion,Juniata,185
Clarion,Wyoming,287
Clarion,Butler,51
Clarion,Schuylkill,274
Clarion,Centre,137
Clarion,McKean,98
Clarion,Armstrong,42
Clarion,Jefferson,36
Clarion,Lackawanna,320
Clarion,Montgomery,359
Clarion,Westmoreland,98
Clarion,Clinton,149
Clarion,Delaware,368
Clarion,Monroe,343
Clarion,Union,199
Clarion,Franklin,201
Clarion,Carbon,313
Clarion,Snyder,203
Clarion,Perry,202
Clarion,Bradford,251
Clarion,Luzerne,287
Clarion,York,268
Clarion,Beaver,96
Clarion,Lancaster,297
Clarion,Northumberland,231
Clarion,Wayne,348
Clarion,Columbia,253
Clarion,Philadelphia,385
Clarion,Clearfield,82
Clarion,Indiana,66
Clarion,Cameron,105
Clarion,Mifflin,165
Clarion,Lycoming,198
Clarion,Forest,38
Clarion,Somerset,139
Clarion,Elk,69
Clarion,Bucks,376
Clarion,Tioga,192
Clarion,Lawrence,79
Clarion,Huntingdon,149
Clarion,Pike,368
Clarion,Crawford,79
Clarion,Bedford,153
Clarion,Northampton,349
Clarion,Washington,131
Washington,Adams,260
Washington,Berks,368
Washington,Cambria,134
Washington,Sullivan,344
Washington,Mercer,123
Washington,Erie,201
Washington,Lebanon,322
Washington,Fayette,59
Washington,Potter,262
Washington,Chester,384
Washington,Cumberland,254
Washington,Montour,317
Washington,Susquehanna,415
Washington,Greene,37
Washington,Warren,198
Washington,Allegheny,38
Washington,Blair,164
Washington,Venango,140
Washington,Fulton,184
Washington,Lehigh,397
Washington,Dauphin,296
Washington,Juniata,244
Washington,Wyoming,386
Washington,Butler,84
Washington,Schuylkill,346
Washington,Centre,220
Washington,McKean,228
Washington,Armstrong,95
Washington,Jefferson,148
Washington,Lackawanna,415
Washington,Montgomery,415
Washington,Westmoreland,67
Washington,Clinton,248
Washington,Delaware,414
Washington,Monroe,426
Washington,Union,283
Washington,Franklin,217
Washington,Carbon,392
Washington,Snyder,277
Washington,Perry,255
Washington,Bradford,360
Washington,Luzerne,376
Washington,York,302
Washington,Beaver,55
Washington,Lancaster,341
Washington,Northumberland,308
Washington,Wayne,446
Washington,Columbia,338
Washington,Philadelphia,436
Washington,Clearfield,175
Washington,Indiana,110
Washington,Cameron,221
Washington,Mifflin,228
Washington,Lycoming,297
Washington,Forest,169
Washington,Somerset,106
Washington,Elk,192
Washington,Bucks,437
Washington,Tioga,307
Washington,Lawrence,89
Washington,Huntingdon,194
Washington,Pike,458
Washington,Crawford,166
Washington,Bedford,151
Washington,Northampton,423
Washington,Clarion,131
